date,sku,quantity,revenue,platform
2025-09-07,SKU-039,5,156,Shopify
2026-01-22,SKU-041,3,66,eBay
2025-11-22,SKU-023,3,752,Temu
2025-05-18,SKU-042,4,43,Amazon
2025-06-04,SKU-022,1,160,Walmart
2025-09-15,SKU-015,4,1043,Walmart
2025-05-23,SKU-056,4,205,Amazon
2025-07-24,SKU-045,1,550,Shopify
2025-10-17,SKU-038,4,242,eBay
2026-04-25,SKU-008,4,106,Walmart
2025-05-20,SKU-046,5,765,Amazon
2025-08-07,SKU-048,3,224,eBay
2025-11-16,SKU-059,3,146,Amazon
2026-01-31,SKU-008,1,79,Shopify
2025-10-30,SKU-035,5,100,eBay
2025-08-29,SKU-018,4,270,Amazon
2026-01-16,SKU-023,4,875,Walmart
2025-08-04,SKU-028,3,112,Walmart
2025-07-02,SKU-059,5,181,Amazon
2025-07-16,SKU-060,5,124,Shopify
2026-04-02,SKU-030,4,162,Temu
2025-07-26,SKU-014,5,530,Temu
2025-10-30,SKU-011,1,346,Temu
2025-12-14,SKU-011,1,220,Shopify
2025-05-18,SKU-044,4,45,eBay
2026-01-25,SKU-033,1,304,Temu
2025-12-12,SKU-057,5,482,Walmart
2026-04-23,SKU-027,2,109,Walmart
2026-04-18,SKU-010,5,119,Shopify
2025-07-02,SKU-054,2,741,Temu
2025-12-07,SKU-018,2,170,Amazon
2025-11-22,SKU-044,2,44,eBay
2025-10-08,SKU-033,4,352,Shopify
2025-06-18,SKU-008,3,110,Temu
2025-09-29,SKU-031,5,113,Temu
2026-04-19,SKU-019,3,225,Walmart
2025-11-04,SKU-001,4,191,Temu
2026-02-20,SKU-054,5,799,Temu
2025-06-17,SKU-023,2,629,eBay
2026-02-10,SKU-054,4,921,Temu
2026-01-22,SKU-031,2,96,Walmart
2026-01-17,SKU-023,1,718,Walmart
2025-10-22,SKU-058,4,570,Shopify
2025-12-21,SKU-020,2,245,Temu
2025-12-02,SKU-055,3,112,Temu
2025-07-20,SKU-028,4,81,eBay
2025-07-26,SKU-018,1,187,eBay
2025-11-06,SKU-001,4,193,Walmart
2025-08-04,SKU-043,1,49,Temu
2025-09-04,SKU-038,5,225,Amazon
2026-04-12,SKU-059,4,149,eBay
2025-09-14,SKU-051,2,112,Temu
2025-08-16,SKU-025,2,611,eBay
2026-03-07,SKU-015,4,845,Temu
2026-04-07,SKU-056,2,119,eBay
2025-09-08,SKU-011,2,221,eBay
2025-07-26,SKU-030,3,168,Temu
2026-04-29,SKU-057,3,381,Temu
2026-02-20,SKU-013,1,392,Amazon
2025-10-17,SKU-040,2,179,eBay
2026-02-16,SKU-036,3,116,Shopify
2025-06-05,SKU-024,4,493,Temu
2026-03-01,SKU-033,2,376,Temu
2026-05-06,SKU-035,2,79,Amazon
2025-11-14,SKU-022,1,109,Walmart
2025-08-27,SKU-012,2,299,Amazon
2025-07-29,SKU-014,4,509,Walmart
2026-04-24,SKU-029,1,156,Temu
2025-10-12,SKU-050,3,53,Temu
2026-01-12,SKU-053,2,718,Amazon
2025-08-20,SKU-008,3,119,Walmart
2026-01-27,SKU-039,3,187,Temu
2025-10-06,SKU-018,4,176,eBay
2026-02-04,SKU-031,2,100,Amazon
2025-11-29,SKU-007,5,122,Amazon
2026-02-11,SKU-021,1,132,Amazon
2026-04-02,SKU-035,2,108,eBay
2026-03-20,SKU-023,3,660,Temu
2026-03-16,SKU-051,4,100,Temu
2025-12-31,SKU-040,5,129,Amazon
2026-03-08,SKU-001,4,238,eBay
2025-09-02,SKU-002,1,256,Shopify
2025-12-31,SKU-052,4,104,Shopify
2025-10-07,SKU-030,4,196,eBay
2026-04-09,SKU-001,2,159,Amazon
2026-03-28,SKU-015,1,1232,Shopify
2025-12-18,SKU-001,1,217,Amazon
2025-11-24,SKU-039,4,147,Amazon
2025-09-28,SKU-040,3,109,Walmart
2025-11-09,SKU-041,1,75,Walmart
2026-04-18,SKU-050,5,68,eBay
2025-12-29,SKU-013,1,488,eBay
2025-12-28,SKU-033,5,373,Walmart
2025-11-06,SKU-052,1,82,Walmart
2026-02-18,SKU-046,1,546,eBay
2025-05-22,SKU-007,5,94,Temu
2026-02-21,SKU-039,4,157,Walmart
2025-12-03,SKU-023,2,725,Shopify
2025-12-07,SKU-037,4,205,Amazon
2025-10-21,SKU-047,5,322,Shopify
2025-06-21,SKU-039,4,135,Shopify
2025-09-08,SKU-019,5,232,Temu
2025-12-24,SKU-019,4,208,Walmart
2025-06-01,SKU-046,5,664,Walmart
2025-05-16,SKU-037,4,157,Amazon
2025-12-02,SKU-014,5,348,Walmart
2026-01-18,SKU-058,4,640,Amazon
2026-03-03,SKU-024,5,624,eBay
2026-03-14,SKU-004,4,294,Walmart
2025-11-01,SKU-001,3,250,Temu
2025-08-18,SKU-055,3,191,Shopify
2025-08-25,SKU-056,1,159,Shopify
2026-01-23,SKU-041,5,65,Temu
2025-07-06,SKU-030,5,174,Shopify
2026-02-15,SKU-045,2,498,Amazon
2025-12-20,SKU-002,5,224,Temu
2025-06-11,SKU-033,1,385,eBay
2025-08-13,SKU-040,5,116,Temu
2025-08-02,SKU-004,4,303,Walmart
2026-01-20,SKU-007,1,89,Temu
2026-05-15,SKU-036,1,103,eBay
2025-10-20,SKU-007,3,70,eBay
2025-08-02,SKU-057,2,445,Temu
2026-03-06,SKU-060,4,166,eBay
2026-03-10,SKU-006,1,345,eBay
2025-07-30,SKU-036,4,102,eBay
2026-02-18,SKU-014,1,337,eBay
2025-09-13,SKU-035,5,110,Walmart
2025-07-28,SKU-056,2,136,Walmart
2025-05-28,SKU-033,1,369,Shopify
2026-01-03,SKU-054,4,1110,eBay
2026-02-24,SKU-060,2,154,Amazon
2025-07-11,SKU-009,4,104,Walmart
2025-08-23,SKU-027,3,97,Walmart
2025-06-25,SKU-059,1,158,Shopify
2025-09-09,SKU-002,4,232,Shopify
2025-08-23,SKU-012,4,236,Walmart
2025-12-11,SKU-046,3,488,Temu
2026-01-09,SKU-051,2,63,Walmart
2025-10-19,SKU-036,3,136,Amazon
2026-04-27,SKU-037,5,238,eBay
2026-03-05,SKU-048,3,237,eBay
2026-04-27,SKU-033,4,262,Walmart
2025-09-08,SKU-042,1,45,Temu
2025-05-29,SKU-046,2,464,Walmart
2026-02-01,SKU-025,4,421,Walmart
2025-12-30,SKU-043,1,42,Temu
2026-05-12,SKU-010,2,121,eBay
2025-06-24,SKU-043,2,41,Temu
2025-10-16,SKU-052,3,75,Temu
2026-04-19,SKU-026,5,534,Temu
2025-10-07,SKU-023,5,704,Shopify
2026-02-17,SKU-026,4,546,Amazon
2025-12-10,SKU-058,2,551,Walmart
2026-04-06,SKU-026,4,600,eBay
2026-04-29,SKU-049,5,64,Temu
2025-10-26,SKU-016,5,1000,Shopify
2025-05-26,SKU-044,2,50,eBay
2026-04-24,SKU-037,5,245,eBay
2026-03-09,SKU-014,5,333,Shopify
2025-05-27,SKU-052,3,85,eBay
2026-01-31,SKU-058,5,631,Amazon
2025-12-13,SKU-055,3,206,Amazon
2025-08-02,SKU-055,5,114,eBay
2026-05-08,SKU-039,5,119,Walmart
2026-05-11,SKU-009,4,119,eBay
2025-12-19,SKU-040,3,191,Temu
2026-05-01,SKU-030,5,127,eBay
2025-10-21,SKU-018,5,173,eBay
2026-02-03,SKU-043,2,37,eBay
2026-01-18,SKU-012,1,205,Walmart
2025-06-28,SKU-047,3,176,eBay
2025-07-26,SKU-060,1,177,Temu
2026-03-29,SKU-047,1,266,Shopify
2026-01-24,SKU-043,4,51,Amazon
2026-01-29,SKU-059,1,167,Temu
2025-11-28,SKU-056,3,158,Shopify
2025-07-18,SKU-033,3,262,eBay
2026-03-22,SKU-022,1,182,Amazon
2025-05-20,SKU-004,4,279,Amazon
2026-03-15,SKU-019,2,227,Amazon
2025-09-04,SKU-059,5,175,Amazon
2026-02-24,SKU-005,3,363,Walmart
2025-06-06,SKU-034,2,300,Walmart
2026-01-21,SKU-026,2,518,Amazon
2025-07-29,SKU-042,3,67,Amazon
2025-09-21,SKU-016,1,1035,Shopify
2025-08-15,SKU-030,1,229,Amazon
2025-12-10,SKU-010,3,118,Temu
2025-11-15,SKU-053,2,1048,Walmart
2025-10-01,SKU-020,5,204,Walmart
2025-06-11,SKU-043,1,34,Amazon
2025-06-13,SKU-002,1,225,Amazon
2025-10-29,SKU-016,3,1084,Amazon
2025-08-30,SKU-017,5,210,Shopify
2025-12-18,SKU-035,3,82,Walmart
2025-12-09,SKU-048,5,282,Amazon
2026-02-05,SKU-032,3,101,eBay
2026-04-20,SKU-022,4,165,Amazon
2025-08-16,SKU-047,5,229,Temu
2026-03-20,SKU-018,2,215,Walmart
2025-12-13,SKU-046,4,657,Walmart
2025-07-26,SKU-060,5,126,Temu
2025-06-03,SKU-029,4,132,Temu
2025-06-25,SKU-040,1,126,Shopify
2025-10-09,SKU-060,2,114,Amazon
2025-11-29,SKU-034,5,253,Temu
2025-11-05,SKU-039,2,125,Walmart
2025-09-10,SKU-030,5,141,Amazon
2026-04-30,SKU-009,5,152,eBay
2025-10-05,SKU-044,3,41,Shopify
2026-02-15,SKU-009,5,87,Amazon
2025-08-12,SKU-045,3,771,Amazon
2025-06-18,SKU-014,4,544,Shopify
2025-08-27,SKU-051,5,75,Walmart
2025-08-30,SKU-035,3,125,Temu
2026-05-09,SKU-004,1,286,Temu
2025-11-29,SKU-059,3,111,Amazon
2025-10-13,SKU-043,3,61,Shopify
2025-09-11,SKU-015,1,751,Amazon
2025-06-17,SKU-035,2,123,eBay
2025-08-11,SKU-039,3,138,Walmart
2025-12-12,SKU-026,2,492,Temu
2026-03-04,SKU-032,5,110,eBay
2026-03-30,SKU-030,1,223,Amazon
2026-04-07,SKU-037,5,163,Walmart
2025-07-14,SKU-006,1,440,Walmart
2026-01-17,SKU-011,4,271,eBay
2025-08-31,SKU-004,4,244,Walmart
2025-09-03,SKU-029,1,156,Temu
2026-04-09,SKU-010,3,86,Walmart
2026-03-10,SKU-017,4,207,eBay
2026-01-11,SKU-060,1,158,eBay
2025-11-02,SKU-022,4,193,Temu
2025-11-12,SKU-045,2,602,eBay
2025-10-08,SKU-014,4,436,Walmart
2025-05-18,SKU-013,2,361,Shopify
2025-09-06,SKU-052,1,93,Amazon
2026-03-17,SKU-059,5,114,Walmart
2026-01-11,SKU-046,5,535,Amazon
2026-03-14,SKU-035,3,79,Shopify
2025-11-04,SKU-012,5,264,Shopify
2025-10-13,SKU-026,2,662,Walmart
2025-06-23,SKU-029,4,206,eBay
2025-11-26,SKU-032,3,114,Temu
2025-11-02,SKU-039,4,135,Temu
2025-08-05,SKU-033,1,376,Shopify
2026-04-13,SKU-012,4,217,eBay
2026-03-09,SKU-026,1,673,Shopify
2026-03-28,SKU-026,3,626,Amazon
2025-06-25,SKU-053,1,1063,Walmart
2025-11-10,SKU-053,3,711,Shopify
2025-06-01,SKU-056,1,141,Temu
2025-05-20,SKU-028,5,91,Walmart
2025-06-11,SKU-055,3,201,Amazon
2025-11-24,SKU-035,5,120,Shopify
2025-09-03,SKU-054,2,659,Shopify
2025-08-28,SKU-030,3,208,Walmart
2025-06-15,SKU-006,1,347,Temu
2025-08-21,SKU-059,3,111,Shopify
2026-02-25,SKU-054,1,1165,eBay
2025-08-24,SKU-002,3,226,Temu
2026-01-30,SKU-047,5,234,Temu
2025-10-03,SKU-030,5,213,Temu
2026-01-31,SKU-036,4,128,Temu
2026-03-23,SKU-044,5,39,Shopify
2025-10-24,SKU-057,2,603,Amazon
2025-06-05,SKU-057,3,487,Shopify
2026-02-07,SKU-029,5,208,Walmart
2025-12-28,SKU-038,2,239,Temu
2025-07-05,SKU-052,1,71,Walmart
2025-08-25,SKU-048,1,208,Amazon
2025-07-05,SKU-058,2,365,eBay
2025-07-12,SKU-033,1,334,Amazon
2026-03-24,SKU-015,5,802,eBay
2026-03-13,SKU-026,3,477,eBay
2025-11-12,SKU-002,1,205,Walmart
2026-01-08,SKU-021,5,153,Temu
2025-08-24,SKU-030,3,206,Walmart
2026-03-22,SKU-043,1,63,Walmart
2025-09-25,SKU-003,2,360,Shopify
2026-01-02,SKU-036,2,96,eBay
2025-10-18,SKU-007,5,80,Shopify
2025-12-21,SKU-037,4,249,Temu
2026-03-10,SKU-007,3,103,Amazon
2025-12-14,SKU-020,2,147,Shopify
2026-05-02,SKU-006,1,342,Temu
2025-10-10,SKU-022,5,138,Temu
2025-08-02,SKU-049,4,66,Amazon
2026-01-14,SKU-056,3,133,Walmart
2025-12-26,SKU-039,3,110,Walmart
2025-07-13,SKU-017,3,284,eBay
2026-05-12,SKU-029,4,185,Walmart
2025-07-24,SKU-032,4,63,Amazon
2026-01-19,SKU-011,2,225,Amazon
2026-03-11,SKU-047,2,287,Temu
2026-04-13,SKU-042,1,71,eBay
2025-06-17,SKU-037,4,144,Amazon
2025-10-09,SKU-033,3,273,Temu
2026-03-10,SKU-015,2,954,Shopify
2025-08-26,SKU-018,2,167,Shopify
2025-11-07,SKU-051,1,83,Amazon
2025-06-21,SKU-045,2,603,Temu
2025-06-23,SKU-028,5,82,eBay
2025-09-09,SKU-010,3,145,Walmart
2025-08-10,SKU-022,4,154,Walmart
2026-05-03,SKU-042,3,47,eBay
2025-09-28,SKU-049,3,63,eBay
2026-04-08,SKU-022,1,161,eBay
2025-07-24,SKU-039,4,185,Walmart
2026-03-31,SKU-003,4,249,eBay
2025-11-24,SKU-042,1,49,Shopify
2025-06-21,SKU-036,2,92,Amazon
2026-04-23,SKU-021,4,193,Shopify
2026-02-15,SKU-004,2,279,Temu
2025-10-04,SKU-009,2,99,Temu
2026-03-23,SKU-019,1,226,Temu
2025-06-12,SKU-046,2,564,Shopify
2026-01-31,SKU-016,3,763,Shopify
2025-06-11,SKU-026,5,495,Shopify
2025-08-08,SKU-008,4,95,Walmart
2025-11-16,SKU-021,5,168,eBay
2025-12-10,SKU-037,4,191,Walmart
2025-10-15,SKU-010,2,101,Temu
2025-07-30,SKU-039,2,113,Walmart
2026-01-29,SKU-053,1,682,Walmart
2025-08-18,SKU-027,4,82,Walmart
2025-07-19,SKU-023,4,492,Walmart
2025-06-26,SKU-043,4,41,Temu
2025-05-29,SKU-059,1,171,Shopify
2025-08-26,SKU-009,1,133,Amazon
2026-03-22,SKU-034,3,348,Amazon
2026-03-11,SKU-011,4,205,Shopify
2025-09-19,SKU-043,4,42,Temu
2025-10-20,SKU-012,5,224,eBay
2025-08-01,SKU-004,2,248,Temu
2026-05-12,SKU-039,4,140,Walmart
2026-05-06,SKU-040,3,166,Temu
2026-03-29,SKU-028,4,76,Temu
2025-10-07,SKU-037,2,157,Amazon
2025-08-27,SKU-051,1,94,Shopify
2026-02-08,SKU-042,4,72,Amazon
2026-01-17,SKU-032,5,86,Walmart
2025-06-16,SKU-031,4,66,Temu
2026-02-01,SKU-010,2,96,Temu
2026-05-13,SKU-059,4,147,Temu
2025-08-15,SKU-042,4,69,Shopify
2026-04-11,SKU-004,1,376,Walmart
2025-07-27,SKU-039,5,111,Shopify
2026-01-07,SKU-017,3,186,Temu
2026-04-22,SKU-042,1,56,Temu
2026-02-06,SKU-009,1,100,Shopify
2025-10-03,SKU-007,4,125,eBay
2026-04-27,SKU-001,1,161,Walmart
2025-08-26,SKU-020,1,209,Shopify
2026-04-17,SKU-047,4,281,Amazon
2025-11-21,SKU-044,1,55,Temu
2025-11-28,SKU-013,2,449,Amazon
2026-04-28,SKU-041,2,53,Shopify
2025-05-30,SKU-056,4,131,Temu
2025-07-29,SKU-037,3,166,Temu
2025-09-15,SKU-022,5,135,eBay
2025-05-30,SKU-053,4,1147,Walmart
2026-02-18,SKU-056,2,184,Shopify
2026-02-15,SKU-057,3,572,eBay
2026-03-30,SKU-041,2,76,eBay
2026-04-25,SKU-016,2,1022,eBay
2025-08-30,SKU-005,4,307,Walmart
2026-03-28,SKU-044,2,48,Shopify
2025-06-23,SKU-054,3,1006,Shopify
2025-05-18,SKU-055,5,203,Temu
2025-08-21,SKU-019,4,169,Walmart
2025-06-24,SKU-059,2,172,Walmart
2025-09-01,SKU-016,5,888,Shopify
2026-04-28,SKU-028,1,74,Temu
2025-11-27,SKU-034,1,326,Walmart
2025-09-30,SKU-052,2,111,Walmart
2025-08-11,SKU-051,1,113,Temu
2025-05-21,SKU-019,1,167,eBay
2025-07-17,SKU-051,2,64,Temu
2025-12-20,SKU-044,3,59,eBay
2026-04-13,SKU-002,5,162,Amazon
2026-01-21,SKU-025,4,693,Amazon
2025-11-05,SKU-003,5,324,Shopify
2026-01-26,SKU-014,3,411,Walmart
2026-04-05,SKU-052,3,113,Temu
2025-09-25,SKU-025,2,611,Temu
2025-09-28,SKU-008,1,97,Temu
2025-07-23,SKU-060,5,121,Temu
2026-04-07,SKU-057,5,422,Temu
2025-09-07,SKU-024,4,624,Shopify
2026-01-29,SKU-016,1,1009,Amazon
2025-10-15,SKU-017,3,249,Temu
2026-05-09,SKU-023,2,541,Temu
2026-04-27,SKU-008,1,112,Shopify
2025-05-25,SKU-014,2,489,eBay
2025-12-29,SKU-035,4,124,Amazon
2026-02-05,SKU-023,1,882,Temu
2025-07-17,SKU-027,4,86,Temu
2026-01-05,SKU-058,2,567,eBay
2025-10-28,SKU-060,5,138,Shopify
2025-11-18,SKU-014,4,467,Shopify
2025-07-29,SKU-010,5,117,Temu
2025-09-07,SKU-040,2,186,eBay
2025-07-15,SKU-014,1,372,eBay
2025-08-10,SKU-053,3,1159,Walmart
2026-03-11,SKU-025,1,639,Walmart
2026-02-09,SKU-028,2,105,Shopify
2026-03-04,SKU-047,5,194,Temu
2026-02-11,SKU-008,3,84,Walmart
2026-04-02,SKU-035,3,105,Shopify
2025-10-18,SKU-035,5,129,Temu
2025-09-15,SKU-015,5,1149,eBay
2025-07-07,SKU-058,3,551,eBay
2025-05-15,SKU-044,3,40,Walmart
2025-11-22,SKU-014,3,373,eBay
2025-08-30,SKU-022,1,121,Shopify
2026-01-12,SKU-020,1,195,Temu
2025-06-13,SKU-033,2,212,Amazon
2025-12-14,SKU-018,4,269,Walmart
2025-06-11,SKU-008,5,115,Amazon
2025-08-26,SKU-057,1,570,Shopify
2026-03-22,SKU-056,3,152,eBay
2025-05-15,SKU-048,4,312,Amazon
2025-08-14,SKU-047,3,288,eBay
2025-05-23,SKU-026,3,540,Temu
2026-05-11,SKU-019,1,214,Temu
2025-06-28,SKU-058,2,378,Temu
2025-12-23,SKU-045,2,543,Temu
2025-12-03,SKU-032,1,74,Temu
2025-11-21,SKU-030,1,179,Shopify
2026-02-11,SKU-045,3,571,Shopify
2025-08-21,SKU-029,2,164,Temu
2026-03-05,SKU-056,3,143,Walmart
2026-04-13,SKU-028,5,104,Shopify
2026-03-13,SKU-008,1,103,Temu
2025-09-26,SKU-035,3,78,eBay
2026-05-08,SKU-054,2,910,Walmart
2026-01-11,SKU-017,4,260,Amazon
2025-12-22,SKU-023,4,687,eBay
2025-06-04,SKU-026,2,675,Walmart
2026-05-14,SKU-021,3,147,Temu
2026-03-18,SKU-044,4,62,Amazon
2025-09-08,SKU-019,3,242,Amazon
2025-09-01,SKU-030,2,142,Amazon
2026-03-11,SKU-052,3,89,Walmart
2026-02-20,SKU-043,3,47,Shopify
2025-08-12,SKU-005,3,386,Shopify
2026-05-08,SKU-047,5,234,Temu
2025-11-09,SKU-026,5,523,Shopify
2025-09-18,SKU-011,1,285,Amazon
2025-07-09,SKU-016,5,956,Shopify
2026-01-07,SKU-013,2,574,Walmart
2025-08-15,SKU-060,3,172,Amazon
2025-09-10,SKU-004,5,237,Temu
2026-04-02,SKU-044,5,61,Walmart
2025-12-27,SKU-024,2,884,Temu
2025-09-30,SKU-027,1,97,Temu
2026-04-06,SKU-020,4,222,Temu
2026-02-18,SKU-028,5,68,Shopify
2025-11-02,SKU-004,5,228,Walmart
2026-04-12,SKU-021,2,141,Amazon
2026-02-07,SKU-055,5,113,Shopify
2025-07-17,SKU-052,5,96,Shopify
2025-09-04,SKU-035,2,85,Shopify
2025-11-16,SKU-054,5,1021,Temu
2025-10-06,SKU-055,3,115,Shopify
2025-09-10,SKU-011,3,200,Amazon
2025-09-10,SKU-021,3,136,Amazon
2025-07-03,SKU-035,3,110,Walmart
2026-03-12,SKU-025,1,501,Shopify
2025-05-27,SKU-056,3,150,eBay
2025-12-05,SKU-014,3,393,Amazon
2025-11-09,SKU-035,1,134,Walmart
2025-10-26,SKU-036,4,101,eBay
2025-11-15,SKU-017,1,201,Shopify
2025-11-30,SKU-026,2,770,eBay
2025-12-22,SKU-020,4,196,eBay
2026-03-08,SKU-041,3,55,Walmart
2025-12-10,SKU-003,5,388,Shopify
2025-09-15,SKU-025,3,455,Amazon
2025-12-14,SKU-053,1,1126,eBay
2025-12-26,SKU-021,5,138,Amazon
2026-01-05,SKU-028,4,105,Walmart
2026-02-28,SKU-035,2,103,eBay
2025-07-26,SKU-001,2,165,Walmart
2025-09-04,SKU-008,3,105,eBay
2025-07-14,SKU-050,2,61,Walmart
2025-11-27,SKU-026,3,577,Shopify
2025-07-18,SKU-018,1,235,Shopify
2025-11-19,SKU-036,2,124,Shopify
2026-02-21,SKU-035,5,122,Shopify
2025-07-10,SKU-020,1,254,eBay
2025-08-15,SKU-022,4,141,Temu
2026-04-08,SKU-053,4,855,Walmart
2026-03-20,SKU-015,3,942,Walmart
2026-03-22,SKU-055,4,190,Temu
2025-10-10,SKU-004,1,337,Temu
2026-03-05,SKU-021,1,158,Amazon
2025-11-30,SKU-014,2,426,Amazon
2026-04-07,SKU-005,2,327,Shopify
2025-11-15,SKU-042,1,46,Shopify
2026-01-18,SKU-026,2,695,Shopify
2025-06-07,SKU-009,3,114,eBay
2025-10-05,SKU-009,5,91,eBay
2025-11-30,SKU-033,4,303,Shopify
2025-07-03,SKU-030,3,221,Temu
2025-07-29,SKU-028,4,73,eBay
2025-10-16,SKU-051,5,74,Amazon
2025-10-09,SKU-050,4,73,Temu
2025-10-18,SKU-040,2,146,Walmart
2025-08-02,SKU-055,2,131,Amazon
2026-03-04,SKU-015,1,1029,eBay
2026-01-30,SKU-049,2,85,Amazon
2025-11-22,SKU-029,2,146,eBay
2026-01-04,SKU-025,5,541,Temu
2025-10-03,SKU-024,4,650,eBay
2025-11-13,SKU-025,3,755,Shopify
2025-12-11,SKU-010,1,93,eBay
2026-03-09,SKU-004,1,329,eBay
2025-09-26,SKU-003,3,363,Shopify
2025-06-17,SKU-013,5,516,Shopify
2026-04-17,SKU-031,5,109,eBay
2025-11-09,SKU-038,5,190,Walmart
2025-08-04,SKU-018,2,278,Walmart
2026-01-22,SKU-003,4,345,Shopify
2025-12-21,SKU-005,3,444,Amazon
2026-03-22,SKU-017,1,287,eBay
2025-12-24,SKU-010,2,98,Walmart
2025-08-25,SKU-012,4,201,Temu
2025-08-17,SKU-033,5,240,eBay
2025-07-23,SKU-027,4,112,Amazon
2026-02-05,SKU-037,1,163,Amazon
2026-01-26,SKU-047,4,320,Walmart
2025-11-15,SKU-005,2,372,Walmart
2025-11-06,SKU-021,5,122,eBay
2026-03-12,SKU-025,2,657,Shopify
2025-08-07,SKU-003,3,295,Amazon
2025-07-29,SKU-014,5,554,Shopify
2026-04-23,SKU-028,3,77,Temu
2025-10-18,SKU-021,5,135,Shopify
2026-04-09,SKU-019,5,235,Amazon
2025-12-14,SKU-055,4,164,eBay
2026-01-31,SKU-007,3,98,Shopify
2025-11-25,SKU-051,1,107,Amazon
2026-01-23,SKU-046,4,612,Amazon
2026-04-10,SKU-006,2,413,Temu
2025-07-20,SKU-035,4,116,Amazon
2025-05-24,SKU-057,3,571,Temu
2025-12-05,SKU-007,3,79,Temu
2026-02-27,SKU-005,4,312,Temu
2025-06-07,SKU-050,2,54,Temu
2026-04-29,SKU-055,1,201,Walmart
2026-03-20,SKU-003,5,292,Temu
2025-06-29,SKU-025,5,628,Amazon
2026-01-19,SKU-050,3,52,eBay
2025-07-28,SKU-057,1,478,Amazon
2026-04-09,SKU-048,5,300,Amazon
2025-11-07,SKU-013,4,520,Amazon
2026-03-30,SKU-002,2,253,Walmart
2025-06-05,SKU-053,3,1104,eBay
2025-07-02,SKU-035,1,126,Amazon
2026-04-16,SKU-012,4,291,Walmart
2025-07-08,SKU-034,2,387,eBay
2025-07-12,SKU-050,2,62,Amazon
2025-11-13,SKU-045,5,576,Walmart
2025-10-14,SKU-018,5,238,eBay
2025-08-22,SKU-013,1,397,eBay
2025-12-02,SKU-038,5,166,Walmart
2025-10-02,SKU-057,2,431,Temu
2025-11-16,SKU-017,3,285,eBay
2025-11-08,SKU-003,1,255,eBay
2025-06-08,SKU-004,5,317,Amazon
2026-03-09,SKU-028,5,67,Temu
2025-10-07,SKU-017,2,199,Shopify
2026-01-16,SKU-030,4,184,Amazon
2025-11-17,SKU-016,2,788,Walmart
2026-03-10,SKU-023,1,604,Walmart
2025-07-17,SKU-060,4,118,Amazon
2025-06-09,SKU-053,5,891,Temu
2025-06-08,SKU-029,5,150,eBay
2026-04-13,SKU-033,1,233,Walmart
2025-09-13,SKU-050,3,66,Walmart
2026-04-25,SKU-031,5,105,Amazon
2025-12-24,SKU-005,2,449,eBay
2026-01-05,SKU-038,2,162,Walmart
2025-12-05,SKU-033,2,245,Walmart
2025-12-12,SKU-038,1,251,eBay
2026-02-28,SKU-033,2,267,Walmart
2025-09-28,SKU-059,2,149,Amazon
2026-02-03,SKU-033,3,330,Walmart
2025-11-05,SKU-031,1,83,eBay
2025-11-06,SKU-017,2,293,Amazon
2025-08-10,SKU-004,1,241,Walmart
2025-11-18,SKU-034,4,351,Temu
2026-02-24,SKU-057,2,640,Shopify
2026-03-16,SKU-010,3,145,Temu
2026-01-11,SKU-028,2,84,eBay
2025-11-07,SKU-010,4,84,Temu
2025-09-24,SKU-034,3,336,Temu
2025-08-16,SKU-050,2,59,Temu
2025-12-30,SKU-059,4,138,Temu
2025-06-03,SKU-024,5,844,Walmart
2026-04-12,SKU-003,1,283,Walmart
2025-06-24,SKU-004,4,308,eBay
2025-09-29,SKU-045,1,576,Walmart
2025-10-16,SKU-042,1,70,Walmart
2025-06-24,SKU-044,3,60,Shopify
2025-07-22,SKU-055,4,192,eBay
2025-08-20,SKU-043,3,37,Amazon
2025-10-15,SKU-009,3,111,Temu
2025-05-23,SKU-013,4,410,eBay
2025-12-12,SKU-052,4,84,Shopify
2026-04-12,SKU-059,5,105,Amazon
2025-08-06,SKU-030,4,171,Shopify
2025-10-24,SKU-041,5,68,Temu
2025-07-29,SKU-040,5,150,eBay
2025-09-21,SKU-056,1,162,Walmart
2025-11-07,SKU-046,1,538,Shopify
2025-10-08,SKU-058,1,570,Temu
2025-11-19,SKU-048,3,288,eBay
2025-11-03,SKU-046,4,744,Temu
2025-11-14,SKU-010,4,87,Shopify
2025-08-25,SKU-050,4,88,Temu
2025-09-20,SKU-055,4,145,Shopify
2026-05-12,SKU-033,3,211,Amazon
2025-12-16,SKU-009,5,131,Amazon
2026-04-30,SKU-006,5,295,Shopify
2025-06-10,SKU-018,2,288,eBay
2025-09-03,SKU-053,3,1077,Walmart
2026-04-29,SKU-007,4,112,Amazon
2025-08-29,SKU-008,2,92,Amazon
2025-06-20,SKU-018,1,181,Temu
2026-04-30,SKU-055,3,124,Amazon
2025-12-17,SKU-004,3,257,Shopify
2025-07-03,SKU-018,5,258,Shopify
2026-04-30,SKU-014,3,322,Walmart
2025-07-13,SKU-043,1,39,Amazon
2026-03-31,SKU-022,1,115,eBay
2025-10-04,SKU-050,1,51,Temu
2025-11-15,SKU-049,5,84,Temu
2025-10-29,SKU-056,2,188,Walmart
2026-02-18,SKU-045,5,641,eBay
2025-08-25,SKU-060,2,127,eBay
2026-05-15,SKU-055,5,189,Shopify
2026-04-30,SKU-046,5,745,eBay
2025-10-07,SKU-010,4,136,Temu
2025-09-22,SKU-003,3,285,Amazon
2026-03-27,SKU-054,3,1050,Walmart
2025-09-22,SKU-001,5,181,eBay
2026-04-04,SKU-030,4,203,eBay
2026-01-08,SKU-050,3,78,Walmart
2026-02-25,SKU-047,4,295,Walmart
2025-06-01,SKU-010,4,135,eBay
2026-03-26,SKU-044,2,36,Temu
2025-10-09,SKU-060,4,156,Amazon
2026-05-08,SKU-016,3,902,Walmart
2026-03-17,SKU-045,1,471,eBay
2026-04-22,SKU-057,5,617,Walmart
2026-04-02,SKU-012,3,290,Shopify
2026-03-27,SKU-015,1,831,eBay
2026-02-14,SKU-004,5,225,Walmart
2025-09-23,SKU-049,4,77,Temu
2026-03-27,SKU-043,1,45,eBay
2025-06-01,SKU-053,1,878,Temu
2026-03-21,SKU-048,5,287,Walmart
2026-02-02,SKU-042,4,46,eBay
2025-05-19,SKU-043,3,37,eBay
2025-12-09,SKU-059,4,140,Temu
2025-09-25,SKU-001,5,149,eBay
2025-11-16,SKU-048,4,207,Walmart
2026-01-25,SKU-043,5,62,Walmart
2025-11-13,SKU-043,2,60,Shopify
2026-01-21,SKU-059,1,124,Temu
2025-08-20,SKU-035,5,99,Walmart
2026-02-17,SKU-001,4,207,Temu
2025-10-10,SKU-014,2,317,Shopify
2026-04-04,SKU-005,2,373,Shopify
2025-09-16,SKU-029,2,138,Amazon
2026-03-17,SKU-001,5,141,eBay
2025-12-28,SKU-007,5,80,Amazon
2025-10-18,SKU-055,1,149,Walmart
2026-04-10,SKU-052,1,110,Temu
2026-01-07,SKU-042,5,65,Temu
2025-05-21,SKU-029,1,147,Temu
2026-03-08,SKU-033,4,328,Temu
2025-05-25,SKU-018,4,197,Shopify
2025-10-18,SKU-044,4,55,Temu
2025-10-17,SKU-040,1,182,Amazon
2026-02-21,SKU-005,4,266,Amazon
2026-03-12,SKU-009,4,84,eBay
2025-08-16,SKU-038,2,176,Shopify
2025-07-03,SKU-029,4,126,Temu
2025-08-19,SKU-053,4,812,Temu
2025-08-07,SKU-024,2,672,Walmart
2026-05-02,SKU-048,1,320,Amazon
2026-01-12,SKU-058,3,499,Amazon
2025-08-17,SKU-030,2,195,Walmart
2026-04-06,SKU-015,1,785,Amazon
2025-07-24,SKU-029,3,132,Shopify
2025-07-06,SKU-041,5,65,Temu
2025-10-18,SKU-059,5,157,Shopify
2025-05-20,SKU-011,1,338,eBay
2025-07-23,SKU-046,5,503,Shopify
2026-01-26,SKU-019,1,246,eBay
2025-12-13,SKU-015,4,1250,Walmart
2026-03-07,SKU-057,4,517,Shopify
2026-03-21,SKU-019,1,231,Walmart
2025-05-21,SKU-059,2,117,eBay
2025-06-26,SKU-046,3,667,eBay
2025-12-01,SKU-012,5,201,Amazon
2025-07-03,SKU-029,5,136,eBay
2026-01-19,SKU-055,4,178,Amazon
2025-12-07,SKU-054,2,994,Walmart
2026-01-20,SKU-032,3,113,Walmart
2026-05-12,SKU-002,1,197,eBay
2025-07-29,SKU-012,5,314,eBay
2025-12-23,SKU-018,1,197,Amazon
2026-03-01,SKU-025,5,716,Temu
2026-05-15,SKU-053,2,847,Amazon
2026-01-20,SKU-019,3,204,Walmart
2025-09-22,SKU-035,5,96,Shopify
2025-06-28,SKU-045,4,491,Walmart
2026-03-10,SKU-049,5,83,Amazon
2025-06-15,SKU-039,2,124,Temu
2025-08-02,SKU-039,4,144,Temu
2025-10-04,SKU-025,1,746,eBay
2025-10-13,SKU-001,2,180,Walmart
2026-01-24,SKU-041,1,51,Walmart
2025-11-02,SKU-026,5,699,eBay
2025-11-24,SKU-055,5,187,Walmart
2025-10-24,SKU-005,3,277,Shopify
2026-03-07,SKU-003,4,239,Walmart
2026-01-15,SKU-054,5,917,eBay
2025-11-22,SKU-047,1,192,Temu
2025-08-29,SKU-019,4,194,Amazon
2025-10-26,SKU-012,4,234,Temu
2025-06-26,SKU-012,3,321,eBay
2025-05-31,SKU-017,3,287,eBay
2026-04-03,SKU-002,1,190,Walmart
2025-10-17,SKU-041,5,73,Temu
2025-11-01,SKU-023,5,894,Amazon
2025-06-10,SKU-034,3,341,Amazon
2026-03-21,SKU-056,2,206,Walmart
2026-03-15,SKU-027,4,65,Temu
2025-11-12,SKU-011,1,207,Shopify
2025-10-22,SKU-042,5,74,Walmart
2025-10-16,SKU-010,3,86,Shopify
2026-01-31,SKU-003,1,282,Walmart
2025-11-30,SKU-042,1,59,Shopify
2025-11-27,SKU-042,3,75,Temu
2025-09-09,SKU-023,3,715,Temu
2026-04-14,SKU-029,4,133,Amazon
2025-08-22,SKU-008,5,76,Temu
2026-01-19,SKU-023,4,515,Walmart
2026-03-23,SKU-019,4,153,eBay
2025-09-02,SKU-014,4,430,Amazon
2026-03-02,SKU-020,2,178,Shopify
2026-04-09,SKU-005,1,273,Temu
2025-07-08,SKU-049,5,83,Shopify
2026-03-02,SKU-017,5,262,Shopify
2025-05-21,SKU-036,4,138,Walmart
2025-05-22,SKU-009,1,134,eBay
2026-01-10,SKU-017,4,257,eBay
2026-03-12,SKU-039,2,149,Amazon
2025-09-25,SKU-042,4,64,Walmart
2026-05-05,SKU-023,5,843,Amazon
2025-05-24,SKU-039,4,148,Temu
2025-06-12,SKU-044,3,35,Temu
2026-01-18,SKU-016,4,828,eBay
2026-04-16,SKU-005,5,258,Shopify
2026-03-18,SKU-018,4,208,Walmart
2025-07-20,SKU-023,3,547,Shopify
2026-01-09,SKU-041,1,77,eBay
2025-09-30,SKU-053,5,906,Temu
2026-01-05,SKU-019,2,174,Amazon
2026-02-01,SKU-008,4,86,Amazon
2026-04-30,SKU-020,2,184,Walmart
2025-12-31,SKU-009,2,95,Temu
2025-10-28,SKU-041,3,69,Shopify
2026-03-10,SKU-020,4,257,eBay
2026-02-09,SKU-035,2,83,Temu
2025-11-14,SKU-028,5,64,eBay
2026-04-26,SKU-050,1,84,Shopify
2025-10-02,SKU-046,3,692,eBay
2026-01-13,SKU-023,2,661,Temu
2025-07-22,SKU-051,1,96,Shopify
2025-11-17,SKU-057,4,575,Temu
2025-09-13,SKU-033,5,229,eBay
2025-07-05,SKU-040,4,120,Shopify
2025-10-19,SKU-022,5,190,Shopify
2025-10-30,SKU-028,2,93,eBay
2025-07-10,SKU-012,5,283,Amazon
2025-12-28,SKU-017,5,189,Shopify
2025-05-27,SKU-026,2,507,Shopify
2026-02-07,SKU-059,2,158,Amazon
2025-09-29,SKU-049,4,62,eBay
2025-07-16,SKU-028,3,102,Temu
2026-03-27,SKU-059,2,135,Temu
2025-06-16,SKU-015,4,729,Shopify
2025-06-10,SKU-041,3,66,Temu
2025-05-22,SKU-011,2,276,Walmart
2025-06-18,SKU-024,4,822,Shopify
2025-12-26,SKU-011,2,314,Walmart
2025-06-07,SKU-052,5,64,Walmart
2025-11-11,SKU-017,1,221,Shopify
2025-07-16,SKU-003,5,215,eBay
2026-01-12,SKU-039,3,149,Temu
2025-09-12,SKU-021,5,170,Shopify
2025-09-07,SKU-017,2,228,Amazon
2026-03-22,SKU-026,4,589,Temu
2026-02-22,SKU-028,1,78,Amazon
2025-12-04,SKU-030,3,145,eBay
2025-09-22,SKU-016,4,974,Walmart
2026-03-08,SKU-017,5,258,Amazon
2025-09-26,SKU-040,2,105,Shopify
2025-10-16,SKU-013,3,407,eBay
2025-11-05,SKU-023,5,690,Amazon
2025-09-25,SKU-049,4,55,eBay
2025-10-05,SKU-001,1,227,Walmart
2025-06-05,SKU-059,3,122,Temu
2026-02-08,SKU-049,5,76,Walmart
2025-07-24,SKU-001,4,210,Amazon
2025-09-30,SKU-031,2,94,Walmart
2025-10-11,SKU-056,5,157,Walmart
2026-04-26,SKU-054,5,904,Shopify
2025-06-10,SKU-040,2,179,Shopify
2026-05-11,SKU-020,2,155,eBay
2026-01-03,SKU-008,1,81,Walmart
2026-05-07,SKU-007,4,116,Amazon
2025-10-07,SKU-045,3,621,Shopify
2025-12-10,SKU-036,5,84,eBay
2026-04-13,SKU-053,5,739,Temu
2025-10-04,SKU-050,5,54,eBay
2025-06-24,SKU-049,5,50,Walmart
2025-06-29,SKU-040,2,109,Walmart
2025-09-25,SKU-030,2,128,Amazon
2025-09-20,SKU-022,2,179,eBay
2026-01-24,SKU-018,2,215,Amazon
2025-08-21,SKU-011,5,327,Shopify
2026-01-10,SKU-036,2,87,Temu
2026-02-25,SKU-021,4,133,Walmart
2025-09-02,SKU-006,3,315,Shopify
2025-10-19,SKU-017,1,165,Shopify
2025-09-15,SKU-020,4,186,Walmart
2026-05-01,SKU-046,4,700,Temu
2025-09-18,SKU-044,5,40,Amazon
2025-07-02,SKU-021,2,186,Shopify
2025-08-27,SKU-022,1,144,Temu
2025-07-04,SKU-028,2,98,Walmart
2026-02-13,SKU-037,4,166,Walmart
2026-03-24,SKU-001,3,248,Temu
2026-01-20,SKU-027,4,69,Temu
2025-11-21,SKU-018,2,297,Amazon
2025-11-22,SKU-016,2,766,Temu
2025-08-28,SKU-006,2,330,eBay
2025-06-03,SKU-008,5,127,Shopify
2025-12-24,SKU-043,2,41,eBay
2026-04-24,SKU-029,3,135,Shopify
2025-07-11,SKU-017,1,231,Shopify
2025-09-17,SKU-052,2,95,Temu
2025-10-13,SKU-049,3,65,eBay
2026-03-30,SKU-008,2,122,eBay
2025-05-27,SKU-026,2,662,eBay
2025-12-13,SKU-054,4,712,eBay
2026-02-01,SKU-031,2,64,Shopify
2025-07-25,SKU-033,1,254,Amazon
2025-10-30,SKU-034,2,235,Amazon
2025-05-16,SKU-025,4,753,Amazon
2025-07-01,SKU-055,5,201,Temu
2025-07-03,SKU-039,4,192,eBay
2026-04-14,SKU-010,3,90,Shopify
2025-09-13,SKU-045,1,614,eBay
2026-04-21,SKU-059,5,115,Temu
2025-10-08,SKU-046,3,493,Walmart
2026-02-13,SKU-011,3,317,Amazon
2026-03-22,SKU-049,3,69,eBay
2026-02-03,SKU-045,2,479,Shopify
2025-08-27,SKU-005,5,278,Walmart
2026-01-15,SKU-002,1,164,eBay
2025-09-10,SKU-042,3,47,Amazon
2025-11-22,SKU-045,3,630,Amazon
2026-04-01,SKU-036,5,95,eBay
2025-10-16,SKU-017,5,173,Temu
2026-04-19,SKU-010,2,117,Walmart
2025-12-04,SKU-026,2,777,Walmart
2025-07-16,SKU-060,1,132,Temu
2025-07-22,SKU-052,5,70,Shopify
2026-04-15,SKU-031,5,88,eBay
2025-06-12,SKU-011,3,332,Amazon
2025-09-21,SKU-045,4,673,eBay
2025-10-06,SKU-016,3,934,eBay
2026-01-04,SKU-048,2,252,eBay
2025-12-02,SKU-015,1,1040,Walmart
2026-03-03,SKU-011,2,210,Walmart
2025-12-30,SKU-035,2,101,Walmart
2026-01-05,SKU-040,2,115,Temu
2025-06-27,SKU-037,2,196,Walmart
2025-09-26,SKU-025,3,465,eBay
2025-11-08,SKU-043,4,47,Walmart
2025-07-10,SKU-001,3,218,Amazon
2026-03-01,SKU-016,1,998,Temu
2026-04-09,SKU-031,3,78,Temu
2025-12-09,SKU-032,2,79,Temu
2025-06-16,SKU-031,4,66,Amazon
2025-05-29,SKU-021,4,137,Temu
2025-10-14,SKU-015,2,998,Shopify
2025-11-03,SKU-005,2,450,Walmart
2025-06-21,SKU-027,4,65,eBay
2026-04-01,SKU-019,2,208,eBay
2026-04-23,SKU-046,1,581,Temu
2026-02-10,SKU-032,1,66,eBay
2025-11-28,SKU-017,4,221,Temu
2026-05-04,SKU-053,3,952,Temu
2025-10-19,SKU-033,5,348,Amazon
2025-07-16,SKU-042,1,67,Shopify
2026-02-26,SKU-035,3,125,eBay
2026-03-16,SKU-036,4,80,eBay
2025-11-16,SKU-006,4,399,Shopify
2025-10-08,SKU-005,3,419,Temu
2025-07-04,SKU-027,1,67,Temu
2026-04-15,SKU-046,2,505,Shopify
2026-02-06,SKU-058,2,585,eBay
2026-04-10,SKU-055,1,134,eBay
2026-03-11,SKU-014,2,419,eBay
2025-08-01,SKU-031,1,87,Shopify
2026-04-24,SKU-002,1,230,Temu
2025-05-19,SKU-012,1,311,Shopify
2025-11-26,SKU-047,4,269,Walmart
2025-06-27,SKU-030,2,182,Amazon
2025-11-29,SKU-043,2,58,Walmart
2026-05-02,SKU-051,1,90,Shopify
2026-03-05,SKU-049,1,85,Amazon
2025-07-13,SKU-037,1,210,Walmart
2025-09-03,SKU-052,4,73,Walmart
2025-07-14,SKU-055,5,201,Amazon
2026-03-05,SKU-013,3,486,Amazon
2026-01-25,SKU-055,4,118,eBay
2025-11-14,SKU-052,1,80,eBay
2025-08-15,SKU-034,4,259,Walmart
2026-03-10,SKU-009,3,154,Shopify
2026-02-05,SKU-028,2,99,eBay
2025-06-02,SKU-002,1,158,Temu
2025-12-02,SKU-016,1,1086,Amazon
2026-02-04,SKU-057,1,374,Walmart
2025-10-22,SKU-002,5,254,Shopify
2025-08-02,SKU-054,1,800,eBay
2026-02-05,SKU-019,5,211,Walmart
2025-06-26,SKU-037,5,184,Amazon
2025-07-17,SKU-015,1,1280,Amazon
2025-11-29,SKU-027,4,103,Walmart
2025-10-31,SKU-060,3,111,Shopify
2025-07-16,SKU-012,1,234,eBay
2026-05-05,SKU-037,4,247,Walmart
2026-02-05,SKU-042,4,49,Shopify
2025-06-04,SKU-049,2,61,Amazon
2025-06-24,SKU-029,2,186,Walmart
2026-04-15,SKU-051,1,78,Walmart
2025-08-19,SKU-037,5,236,Temu
2026-04-09,SKU-040,5,145,Walmart
2025-06-10,SKU-042,3,72,Shopify
2025-11-20,SKU-002,4,168,Amazon
2025-12-03,SKU-021,1,124,Amazon
2025-09-11,SKU-005,1,264,Amazon
2026-03-20,SKU-041,3,62,Shopify
2026-02-13,SKU-044,4,45,Shopify
2025-05-23,SKU-038,1,215,Shopify
2026-03-01,SKU-055,1,186,eBay
2025-06-12,SKU-006,3,251,Temu
2025-11-30,SKU-019,3,199,Shopify
2025-09-29,SKU-055,4,195,Amazon
2026-04-25,SKU-017,4,176,Shopify
2025-06-06,SKU-053,5,1018,eBay
2025-10-08,SKU-012,5,222,eBay
2025-08-07,SKU-010,2,85,eBay
2026-03-12,SKU-010,2,133,Amazon
2025-08-18,SKU-006,5,246,Amazon
2025-11-06,SKU-022,1,117,Temu
2025-11-14,SKU-004,1,347,Amazon
2026-01-10,SKU-023,3,614,eBay
2025-10-12,SKU-022,3,155,Temu
2025-12-26,SKU-025,2,575,Walmart
2026-01-04,SKU-007,5,112,Shopify
2025-10-27,SKU-056,2,152,Walmart
2025-07-16,SKU-007,2,120,Walmart
2026-01-06,SKU-018,2,221,eBay
2025-07-14,SKU-016,4,974,Amazon
2026-01-29,SKU-030,5,152,Amazon
2026-02-20,SKU-039,1,109,Amazon
2026-05-08,SKU-019,5,210,Amazon
2025-10-23,SKU-027,3,90,eBay
2026-01-05,SKU-044,2,40,Shopify
2026-03-10,SKU-053,1,850,Amazon
2025-12-07,SKU-020,2,233,Amazon
2026-04-29,SKU-004,1,236,Temu
2025-08-14,SKU-013,1,534,Amazon
2026-01-04,SKU-001,1,163,eBay
2025-11-16,SKU-004,2,314,Temu
2026-04-16,SKU-014,2,532,Walmart
2026-04-10,SKU-055,1,153,Amazon
2025-07-02,SKU-021,4,150,eBay
2026-03-20,SKU-038,3,196,eBay
2025-06-14,SKU-012,4,258,Temu
2026-05-12,SKU-023,2,781,Amazon
2025-12-04,SKU-034,5,382,Amazon
2026-04-11,SKU-024,5,645,Shopify
2026-03-16,SKU-016,1,722,Temu
2025-12-30,SKU-055,2,130,Amazon
2026-03-07,SKU-037,4,195,Temu
2025-07-15,SKU-022,1,134,Walmart
2025-07-15,SKU-011,5,254,Amazon
2026-03-07,SKU-017,3,227,Temu
2025-10-17,SKU-017,3,242,Amazon
2026-05-11,SKU-022,3,172,Walmart
2026-04-26,SKU-029,1,185,Walmart
2025-09-14,SKU-024,2,581,Temu
2025-11-18,SKU-027,4,97,Temu
2026-04-29,SKU-041,5,53,Amazon
2025-10-18,SKU-057,1,430,Shopify
2025-12-22,SKU-038,3,201,Walmart
2026-03-09,SKU-033,1,360,eBay
2025-12-01,SKU-037,3,149,Walmart
2026-03-17,SKU-023,1,610,eBay
2025-09-14,SKU-037,4,243,Amazon
2025-09-01,SKU-038,1,179,Shopify
2026-01-23,SKU-039,3,113,Walmart
2026-04-23,SKU-023,3,772,Shopify
2025-11-11,SKU-003,5,330,eBay
2026-04-22,SKU-043,5,55,Walmart
2026-04-14,SKU-020,2,162,eBay
2025-08-10,SKU-031,1,73,Shopify
2025-09-14,SKU-035,2,83,eBay
2025-05-19,SKU-060,5,158,Amazon
2025-11-08,SKU-030,4,139,Shopify
2026-02-18,SKU-053,2,749,Amazon
2025-11-12,SKU-019,3,247,Shopify
2026-03-18,SKU-044,5,35,Shopify
2025-12-11,SKU-014,2,458,Amazon
2026-03-15,SKU-024,4,612,Walmart
2025-07-22,SKU-033,2,383,Amazon
2025-10-25,SKU-046,5,762,Amazon
2025-05-18,SKU-010,2,100,Amazon
2025-10-06,SKU-045,3,751,Amazon
2025-09-16,SKU-003,4,368,Walmart
2025-07-15,SKU-039,5,106,Walmart
2026-01-07,SKU-015,4,1094,eBay
2026-01-01,SKU-045,1,444,Temu
2026-04-12,SKU-041,5,42,Shopify
2026-02-27,SKU-009,5,106,eBay
2025-11-06,SKU-050,2,71,Walmart
2025-07-24,SKU-017,3,194,Shopify
2026-03-13,SKU-001,2,258,Walmart
2025-06-11,SKU-051,2,110,Shopify
2026-04-01,SKU-032,5,63,Amazon
2025-07-18,SKU-043,1,39,Amazon
2025-12-30,SKU-048,1,237,eBay
2025-12-03,SKU-037,3,149,Temu
2025-07-22,SKU-020,4,245,Temu
2026-01-07,SKU-012,5,257,Amazon
2025-06-10,SKU-057,1,546,Shopify
2025-11-09,SKU-050,3,69,eBay
2025-06-25,SKU-016,5,772,Shopify
2025-07-18,SKU-050,1,62,Amazon
2025-12-18,SKU-040,3,192,Shopify
2025-12-02,SKU-057,2,359,Amazon
2025-12-25,SKU-003,5,312,Walmart
2025-10-30,SKU-057,2,402,Amazon
2025-11-03,SKU-046,4,458,Temu
2025-07-17,SKU-052,1,113,Shopify
2025-10-12,SKU-045,3,456,eBay
2025-11-09,SKU-046,2,473,Temu
2025-08-20,SKU-006,3,427,eBay
2026-03-22,SKU-028,4,102,Shopify
2026-01-30,SKU-007,3,120,Amazon
2025-07-08,SKU-040,4,190,Walmart
2026-04-15,SKU-042,3,77,Shopify
2025-07-12,SKU-028,1,77,Shopify
2025-07-06,SKU-004,3,246,Temu
2025-08-02,SKU-053,1,836,eBay
2025-07-30,SKU-050,2,59,Temu
2025-07-09,SKU-021,3,128,Walmart
2026-02-15,SKU-021,2,115,Walmart
2026-04-03,SKU-012,3,261,eBay
2025-09-17,SKU-050,1,87,Amazon
2025-12-16,SKU-044,4,63,Temu
2025-11-19,SKU-055,2,185,Amazon
2025-10-11,SKU-007,1,83,eBay
2025-11-09,SKU-020,5,140,Amazon
2025-09-19,SKU-031,4,80,Temu
2025-07-20,SKU-060,4,126,Walmart
2025-09-27,SKU-009,2,84,eBay
2026-03-02,SKU-037,3,190,Shopify
2026-05-14,SKU-004,1,381,Walmart
2025-12-10,SKU-039,3,129,Amazon
2025-09-18,SKU-044,3,45,Temu
2025-05-15,SKU-013,2,522,Shopify
2026-03-10,SKU-002,3,225,eBay
2025-07-26,SKU-027,5,102,Shopify
2025-07-27,SKU-008,3,88,Shopify
2025-12-30,SKU-047,2,255,Temu
2026-03-10,SKU-027,4,75,Temu
2025-07-28,SKU-040,5,178,Temu
2025-09-07,SKU-050,4,51,Shopify
2025-12-15,SKU-046,5,705,Temu
2025-06-23,SKU-003,5,339,Amazon
2026-01-09,SKU-015,2,729,eBay
2026-03-15,SKU-059,5,177,Shopify
2025-12-29,SKU-048,1,249,eBay
2025-10-05,SKU-014,3,564,Walmart
2025-06-14,SKU-030,2,232,Walmart
2026-03-07,SKU-038,2,139,Temu
2025-10-11,SKU-040,2,171,eBay
2025-11-08,SKU-025,5,471,Amazon
2025-07-25,SKU-043,2,56,Temu
2026-03-07,SKU-052,2,88,Amazon
2026-01-04,SKU-040,1,126,Shopify
2025-12-27,SKU-002,3,246,Shopify
2025-08-18,SKU-031,4,112,Walmart
2026-03-26,SKU-017,1,223,Temu
2025-08-07,SKU-035,2,99,Walmart
2025-09-25,SKU-014,2,467,Temu
2025-07-23,SKU-004,5,366,Shopify
2025-10-07,SKU-032,4,75,eBay
2025-11-06,SKU-045,1,503,Amazon
2025-07-06,SKU-026,5,542,Amazon
2025-09-20,SKU-049,5,58,Walmart
2025-06-02,SKU-041,4,41,eBay
2025-08-22,SKU-032,5,63,Amazon
2026-04-10,SKU-017,3,281,eBay
2025-12-09,SKU-007,3,70,Temu
2025-08-01,SKU-035,4,110,Temu
2025-12-30,SKU-027,1,66,Temu
2026-02-13,SKU-008,4,73,Shopify
2025-10-19,SKU-014,5,345,Shopify
2025-10-01,SKU-032,1,72,Shopify
2025-12-17,SKU-050,1,62,Temu
2025-10-27,SKU-012,4,252,Temu
2025-06-15,SKU-005,2,451,Walmart
2025-05-24,SKU-042,3,49,Shopify
2026-04-13,SKU-053,3,1087,Amazon
2025-10-03,SKU-043,3,54,Walmart
2026-04-11,SKU-044,5,59,Walmart
2025-10-22,SKU-048,3,256,Shopify
2026-03-18,SKU-009,2,108,eBay
2026-03-08,SKU-041,1,50,Walmart
2025-06-19,SKU-020,4,199,Temu
2025-05-18,SKU-044,1,48,eBay
2025-06-04,SKU-016,1,917,Amazon
2026-01-05,SKU-022,2,182,Shopify
2025-09-14,SKU-016,4,891,Walmart
2026-03-08,SKU-040,2,105,Shopify
2025-12-15,SKU-015,2,852,Shopify
2026-04-03,SKU-048,4,322,eBay
2025-08-23,SKU-016,1,1282,Temu
2026-04-09,SKU-004,5,227,Temu
2025-07-09,SKU-025,3,464,Shopify
2025-08-28,SKU-036,1,111,eBay
2025-07-15,SKU-010,4,141,eBay
2026-03-23,SKU-001,3,210,eBay
2025-10-13,SKU-003,1,289,Shopify
2025-09-10,SKU-001,4,206,eBay
2025-06-30,SKU-047,1,276,Walmart
2025-05-19,SKU-028,2,74,eBay
2026-01-06,SKU-009,2,144,Walmart
2025-06-21,SKU-060,5,177,Walmart
2025-08-09,SKU-022,4,131,eBay
2025-09-21,SKU-039,5,142,eBay
2026-02-24,SKU-054,1,665,Shopify
2025-08-08,SKU-046,1,649,Shopify
2025-08-22,SKU-013,2,538,Amazon
2025-12-26,SKU-014,4,383,eBay
2025-11-01,SKU-017,4,261,Walmart
2025-07-22,SKU-036,1,113,Walmart
2026-03-23,SKU-047,4,286,Temu
2025-11-05,SKU-052,2,87,Amazon
2025-12-17,SKU-016,1,1283,Amazon
2025-08-07,SKU-024,2,608,eBay
2026-04-13,SKU-016,2,738,Temu
2025-09-15,SKU-028,2,86,Walmart
2025-07-24,SKU-006,4,313,Walmart
2025-06-02,SKU-044,5,58,Temu
2026-01-04,SKU-046,5,574,Amazon
2026-04-24,SKU-020,3,183,Amazon
2026-04-07,SKU-040,4,178,Walmart
2026-01-31,SKU-048,1,216,Amazon
2026-01-11,SKU-034,2,322,Shopify
2025-11-04,SKU-008,4,86,Temu
2025-06-17,SKU-013,4,395,Shopify
2025-07-28,SKU-020,1,233,Temu
2026-01-30,SKU-043,4,55,Walmart
2025-10-19,SKU-001,3,243,Shopify
2025-07-29,SKU-049,3,88,Amazon
2026-02-01,SKU-052,5,104,eBay
2026-04-30,SKU-046,4,659,eBay
2025-07-25,SKU-022,4,139,Walmart
2026-03-27,SKU-043,1,61,Shopify
2025-12-09,SKU-039,2,155,eBay
2026-04-12,SKU-013,2,479,Shopify
2025-12-21,SKU-022,2,130,Temu
2025-07-25,SKU-040,4,129,Amazon
2026-04-21,SKU-039,5,129,Walmart
2026-01-22,SKU-030,3,194,Shopify
2025-06-16,SKU-039,2,136,Amazon
2026-02-01,SKU-016,1,1237,Amazon
2025-09-23,SKU-060,1,99,Walmart
2026-04-08,SKU-036,3,135,Walmart
2025-09-01,SKU-030,5,180,Walmart
2026-01-19,SKU-019,1,250,Walmart
2026-01-28,SKU-018,3,198,eBay
2025-11-20,SKU-039,2,129,eBay
2025-06-01,SKU-053,5,1035,Temu
2026-05-01,SKU-044,3,50,Amazon
2025-11-23,SKU-052,5,71,Temu
2025-07-20,SKU-013,1,493,Temu
2025-09-17,SKU-008,5,95,Walmart
2026-04-20,SKU-050,4,56,Amazon
2025-10-08,SKU-052,4,76,Shopify
2026-01-14,SKU-034,4,361,Temu
2025-09-20,SKU-030,2,228,Walmart
2026-01-13,SKU-022,1,144,Temu
2026-05-01,SKU-049,3,64,eBay
2025-08-18,SKU-032,4,92,Shopify
2025-07-23,SKU-007,3,118,Amazon
2025-11-05,SKU-019,4,206,Temu
2026-04-11,SKU-004,5,303,eBay
2025-06-04,SKU-056,2,195,Walmart
2026-04-10,SKU-041,1,48,Walmart
2025-09-16,SKU-034,4,312,eBay
2026-01-16,SKU-057,5,426,Shopify
2026-02-16,SKU-056,2,205,eBay
2025-12-01,SKU-009,2,120,Amazon
2025-07-04,SKU-011,3,266,Walmart
2025-10-13,SKU-023,1,729,Walmart
2026-03-03,SKU-035,5,112,Amazon
2025-12-09,SKU-029,1,205,Walmart
2025-09-05,SKU-043,3,40,Walmart
2025-12-29,SKU-010,1,112,Walmart
2025-11-29,SKU-057,2,364,eBay
2026-03-29,SKU-017,3,285,Shopify
2025-11-28,SKU-030,5,147,eBay
2025-07-30,SKU-057,2,402,Walmart
2025-06-12,SKU-026,3,633,Shopify
2025-12-15,SKU-024,5,767,eBay
2025-10-21,SKU-053,1,704,Walmart
2026-05-15,SKU-014,2,333,eBay
2025-10-25,SKU-041,4,64,Walmart
2025-09-08,SKU-003,3,316,Shopify
2025-10-27,SKU-011,2,193,Amazon
2026-03-04,SKU-036,3,139,Temu
2025-11-06,SKU-044,5,55,Shopify
2026-05-04,SKU-045,5,566,Amazon
2025-06-27,SKU-034,3,260,Amazon
2025-12-07,SKU-033,5,283,Shopify
2025-07-02,SKU-012,4,248,eBay
2026-04-12,SKU-049,3,82,Amazon
2025-08-03,SKU-009,1,122,Shopify
2025-09-04,SKU-013,3,545,eBay
2026-05-05,SKU-030,4,132,Walmart
2025-10-11,SKU-009,3,121,Shopify
2025-08-19,SKU-025,4,753,Amazon
2025-11-11,SKU-016,3,1241,Shopify
2026-02-01,SKU-033,1,299,Amazon
2025-08-13,SKU-026,1,683,Temu
2025-09-22,SKU-037,1,247,eBay
2026-04-05,SKU-034,2,219,eBay
2026-02-03,SKU-041,4,59,eBay
2026-02-22,SKU-019,1,195,Shopify
2025-08-08,SKU-012,1,204,Shopify
2026-01-14,SKU-056,2,181,Amazon
2025-07-29,SKU-013,2,380,Temu
2026-04-02,SKU-055,1,157,eBay
2025-11-14,SKU-060,5,163,Shopify
2026-04-10,SKU-014,2,329,Amazon
2026-03-25,SKU-023,2,755,eBay
2026-02-05,SKU-019,5,241,Amazon
2025-09-09,SKU-053,5,912,Walmart
2025-06-08,SKU-001,4,214,Shopify
2025-09-11,SKU-005,2,307,eBay
2025-08-16,SKU-039,5,177,Temu
2026-03-16,SKU-027,5,108,Amazon
2025-12-30,SKU-022,2,127,Amazon
2025-06-09,SKU-038,5,238,Amazon
2025-12-06,SKU-047,5,286,Walmart
2026-03-19,SKU-003,1,241,eBay
2026-05-01,SKU-056,3,112,Walmart
2026-02-17,SKU-035,1,119,Walmart
2025-07-21,SKU-054,4,787,eBay
2025-10-15,SKU-017,1,267,Shopify
2025-10-19,SKU-042,5,64,eBay
2025-10-31,SKU-042,3,50,Walmart
2025-11-17,SKU-049,4,81,eBay
2025-12-10,SKU-020,1,140,Walmart
2025-06-14,SKU-040,3,152,Amazon
2025-08-27,SKU-007,3,123,Temu
2025-11-24,SKU-036,5,105,eBay
2026-04-27,SKU-022,1,164,Shopify
2025-05-19,SKU-023,5,759,Temu
2026-01-27,SKU-050,5,71,Shopify
2026-01-10,SKU-035,4,109,Temu
2026-02-12,SKU-056,4,178,Shopify
2026-02-23,SKU-037,5,219,Walmart
2026-05-07,SKU-034,3,351,Temu
2025-06-19,SKU-053,5,1048,Amazon
2025-09-12,SKU-042,1,66,eBay
2025-08-25,SKU-039,5,143,eBay
2025-07-07,SKU-040,5,184,Walmart
2025-08-24,SKU-004,3,299,Temu
2025-09-15,SKU-001,3,201,eBay
2025-09-11,SKU-004,3,285,Shopify
2026-03-17,SKU-054,4,947,Shopify
2026-02-07,SKU-041,2,58,Shopify
2025-10-04,SKU-024,2,710,eBay
2026-04-12,SKU-001,5,150,eBay
2026-02-17,SKU-005,3,432,eBay
2025-11-08,SKU-052,1,114,Walmart
2026-01-27,SKU-025,1,558,Shopify
2025-10-23,SKU-047,1,234,Amazon
2025-06-11,SKU-051,1,62,Amazon
2026-03-04,SKU-005,2,396,Amazon
2026-03-11,SKU-032,2,114,eBay
2026-03-21,SKU-045,4,540,Shopify
2025-07-01,SKU-043,2,45,Shopify
2025-07-28,SKU-023,4,831,Walmart
2025-09-26,SKU-021,2,134,Amazon
2025-11-18,SKU-012,5,284,Shopify
2026-01-28,SKU-019,5,184,Amazon
2025-06-14,SKU-014,3,541,Amazon
2025-07-15,SKU-056,1,187,Shopify
2025-06-07,SKU-024,5,904,Walmart
2025-07-16,SKU-019,3,224,Temu
2025-10-14,SKU-021,3,132,Temu
2025-07-20,SKU-004,5,301,eBay
2025-11-15,SKU-057,2,428,Amazon
2025-10-03,SKU-004,2,374,eBay
2025-08-23,SKU-055,2,151,eBay
2025-10-29,SKU-039,3,114,Amazon
2025-06-27,SKU-041,3,53,Amazon
2026-04-18,SKU-005,3,443,Shopify
2026-01-19,SKU-044,5,43,Walmart
2025-09-16,SKU-044,5,49,Walmart
2026-01-02,SKU-044,3,56,Temu
2025-07-01,SKU-010,3,109,Walmart
2025-09-28,SKU-005,4,453,Temu
2026-01-05,SKU-032,1,80,Amazon
2026-02-25,SKU-042,4,73,Walmart
2025-06-23,SKU-034,2,241,Temu
2026-02-09,SKU-023,1,829,eBay
2025-08-14,SKU-002,2,246,Shopify
2025-09-01,SKU-058,5,490,eBay
2025-11-22,SKU-032,4,92,Temu
2026-04-13,SKU-012,1,197,Temu
2025-08-06,SKU-007,3,114,eBay
2025-09-07,SKU-049,3,76,Temu
2025-10-02,SKU-037,3,247,eBay
2025-08-02,SKU-059,1,138,eBay
2026-02-03,SKU-026,3,476,Temu
2025-11-28,SKU-052,4,95,Walmart
2025-12-13,SKU-001,5,254,Walmart
2025-12-12,SKU-055,5,186,Walmart
2025-06-07,SKU-056,3,115,Amazon
2025-05-30,SKU-040,1,148,Shopify
2025-10-14,SKU-002,2,140,eBay
2026-01-06,SKU-015,4,728,Shopify
2026-03-19,SKU-036,3,131,eBay
2025-08-09,SKU-017,1,249,Shopify
2025-05-16,SKU-008,4,82,Shopify
2025-08-21,SKU-040,5,127,Amazon
2026-05-01,SKU-006,2,414,Temu
2025-06-12,SKU-054,1,1018,eBay
2026-04-30,SKU-002,5,187,eBay
2025-11-13,SKU-020,4,192,Walmart
2026-02-04,SKU-054,3,1149,eBay
2025-07-22,SKU-058,3,600,Amazon
2026-02-13,SKU-048,4,184,eBay
2025-11-01,SKU-007,1,77,Temu
2025-09-30,SKU-019,5,157,Temu
2025-06-29,SKU-032,4,74,Amazon
2025-12-28,SKU-024,1,569,Walmart
2025-08-31,SKU-057,3,411,Shopify
2025-09-11,SKU-017,2,227,Amazon
2025-07-17,SKU-017,4,197,Shopify
2026-02-19,SKU-009,5,146,Temu
2025-06-22,SKU-037,5,252,Amazon
2025-10-10,SKU-026,4,657,eBay
2025-12-03,SKU-046,5,559,eBay
2025-12-09,SKU-019,3,170,Shopify
2025-10-01,SKU-022,2,108,Amazon
2025-06-21,SKU-051,3,66,Shopify
2025-08-22,SKU-043,5,41,eBay
2026-02-27,SKU-010,4,148,Amazon
2025-07-15,SKU-008,2,105,Shopify
2025-10-08,SKU-055,4,150,Temu
2025-12-11,SKU-023,3,661,Walmart
2025-08-27,SKU-030,4,210,Amazon
2026-01-30,SKU-001,5,159,Walmart
2026-03-18,SKU-048,3,198,Walmart
2026-05-13,SKU-009,4,137,Temu
2025-08-31,SKU-004,3,224,Temu
2026-03-09,SKU-004,2,351,eBay
2026-02-16,SKU-044,5,40,Temu
2025-08-11,SKU-034,2,364,eBay
2025-06-04,SKU-002,1,195,Temu
2026-04-27,SKU-030,1,209,eBay
2026-02-13,SKU-002,5,252,eBay
2025-11-22,SKU-057,5,591,eBay
2025-05-29,SKU-053,5,880,eBay
2025-10-30,SKU-028,4,80,Walmart
2026-01-14,SKU-036,3,85,Walmart
2025-10-07,SKU-046,2,708,Shopify
2026-04-04,SKU-027,3,77,Walmart
2025-06-30,SKU-033,4,335,Temu
2026-05-05,SKU-001,2,253,Temu
2025-10-21,SKU-050,4,85,Shopify
2026-03-12,SKU-008,5,98,Temu
2026-04-30,SKU-045,5,503,Temu
2025-07-03,SKU-012,5,272,Temu
2026-03-25,SKU-036,5,136,Walmart
2025-09-09,SKU-030,1,208,Temu
2025-09-25,SKU-021,3,119,eBay
2025-09-16,SKU-019,1,189,Walmart
2025-12-05,SKU-060,1,143,eBay
2026-03-27,SKU-053,5,1124,Shopify
2025-09-30,SKU-047,1,274,eBay
2025-09-08,SKU-034,3,238,Amazon
2025-06-10,SKU-029,1,134,Shopify
2026-05-10,SKU-032,2,71,Temu
2025-08-05,SKU-049,3,66,Shopify
2025-05-22,SKU-040,1,140,Shopify
2025-09-04,SKU-051,5,76,Shopify
2025-10-06,SKU-027,3,94,eBay
2025-07-23,SKU-027,5,68,Amazon
2025-10-27,SKU-025,2,486,Walmart
2026-01-22,SKU-042,3,51,Temu
2025-05-17,SKU-051,2,74,Temu
2025-12-09,SKU-030,1,226,Shopify
2025-06-12,SKU-005,1,246,eBay
2026-03-17,SKU-058,3,646,Walmart
2026-02-20,SKU-005,5,435,Amazon
2025-11-07,SKU-047,2,288,Temu
2026-05-05,SKU-037,3,160,Temu
2026-04-28,SKU-050,5,65,Walmart
2025-08-22,SKU-057,1,382,Walmart
2025-06-20,SKU-001,5,157,Temu
2025-07-27,SKU-047,2,219,Walmart
2025-09-19,SKU-045,1,650,Walmart
2025-09-11,SKU-055,2,157,Shopify
2026-03-01,SKU-003,3,304,Shopify
2025-09-23,SKU-010,2,84,Temu
2025-09-02,SKU-012,1,267,eBay
2025-07-25,SKU-008,3,111,Shopify
2026-01-08,SKU-053,2,1008,Amazon
2025-11-07,SKU-030,2,182,Walmart
2025-09-28,SKU-041,4,44,Shopify
2025-09-20,SKU-051,5,95,Walmart
2025-08-05,SKU-019,1,228,Temu
2025-09-18,SKU-010,4,108,eBay
2025-12-02,SKU-049,4,88,eBay
2025-08-24,SKU-009,2,145,eBay
2025-07-03,SKU-009,2,110,Temu
2025-07-05,SKU-006,4,322,Walmart
2026-03-18,SKU-015,5,810,Temu
2025-10-21,SKU-039,2,131,eBay
2026-03-23,SKU-034,3,261,Walmart
2026-04-26,SKU-046,5,528,Temu
2026-04-01,SKU-039,1,183,eBay
2025-06-08,SKU-006,3,258,Amazon
2026-04-26,SKU-043,1,41,Walmart
2025-12-07,SKU-040,4,154,Walmart
2025-05-16,SKU-041,4,68,Shopify
2026-03-27,SKU-012,4,310,Shopify
2026-05-09,SKU-044,3,54,Shopify
2025-08-21,SKU-019,1,246,Temu
2025-05-17,SKU-004,5,322,Temu
2026-02-18,SKU-014,4,357,eBay
2026-01-21,SKU-001,3,214,Shopify
2025-12-28,SKU-040,5,188,Temu
2025-05-21,SKU-007,5,123,Shopify
2026-04-06,SKU-033,2,218,Walmart
2026-03-20,SKU-035,5,78,Walmart
2025-06-11,SKU-020,5,168,Walmart
2025-10-26,SKU-011,2,253,Temu
2025-11-12,SKU-039,4,161,Amazon
2026-01-18,SKU-056,3,198,Amazon
2025-09-08,SKU-037,5,253,Walmart
2025-09-02,SKU-007,4,98,Walmart
2025-05-27,SKU-051,4,94,Shopify
2025-12-03,SKU-054,4,812,Shopify
2025-08-26,SKU-031,2,79,Temu
2026-03-26,SKU-009,1,88,Shopify
2025-12-28,SKU-008,4,79,Shopify
2025-10-06,SKU-046,5,491,Walmart
2026-01-01,SKU-004,3,278,Shopify
2025-12-12,SKU-056,5,203,Amazon
2026-05-12,SKU-054,5,664,eBay
2025-09-03,SKU-008,1,85,eBay
2025-12-25,SKU-035,1,123,Amazon
2026-04-18,SKU-022,1,114,Temu
2025-12-07,SKU-010,5,95,Walmart
2025-07-28,SKU-060,5,156,Walmart
2025-07-02,SKU-049,5,85,Walmart
2025-08-15,SKU-019,3,208,Walmart
2026-04-27,SKU-040,2,152,Walmart
2025-10-16,SKU-011,3,319,Shopify
2026-04-09,SKU-037,2,212,eBay
2025-12-13,SKU-044,4,58,Shopify
2025-12-30,SKU-033,1,375,Walmart
2025-08-17,SKU-038,2,242,Walmart
2025-07-18,SKU-004,4,275,Temu
2025-09-28,SKU-049,5,66,Amazon
2025-06-09,SKU-045,4,438,Shopify
2025-06-21,SKU-043,5,37,Walmart
2025-08-29,SKU-033,1,374,Temu
2025-10-20,SKU-038,4,199,Walmart
2026-04-02,SKU-011,1,195,Amazon
2026-02-25,SKU-006,2,256,eBay
2026-05-07,SKU-034,3,350,Temu
2025-08-09,SKU-052,1,115,Amazon
2025-05-17,SKU-001,4,199,Temu
2026-01-02,SKU-030,2,232,Temu
2025-08-19,SKU-018,5,246,eBay
2026-01-24,SKU-018,4,202,Walmart
2026-03-06,SKU-039,2,118,Temu
2025-12-26,SKU-028,1,102,Temu
2026-05-14,SKU-035,3,83,Shopify
2026-01-09,SKU-036,3,100,eBay
2026-03-05,SKU-026,2,757,eBay
2025-06-24,SKU-049,1,73,Shopify
2025-07-26,SKU-040,2,105,eBay
2025-06-09,SKU-052,2,92,Amazon
2025-09-16,SKU-053,3,845,Shopify
2025-08-31,SKU-006,2,304,Walmart
2025-11-14,SKU-022,3,105,Amazon
2026-02-24,SKU-010,1,137,Temu
2025-11-07,SKU-005,2,333,Amazon
2025-10-22,SKU-034,2,274,Shopify
2026-03-13,SKU-034,1,281,Shopify
2026-02-02,SKU-014,3,424,Shopify
2026-01-16,SKU-035,1,128,Shopify
2026-04-24,SKU-046,1,445,eBay
2025-09-28,SKU-048,3,196,eBay
2026-04-05,SKU-017,5,221,Shopify
2025-05-25,SKU-002,3,163,eBay
2025-09-02,SKU-042,3,66,Amazon
2025-08-28,SKU-031,2,91,Amazon
2025-09-01,SKU-039,5,166,Walmart
2025-11-02,SKU-013,2,575,eBay
2026-05-12,SKU-010,1,95,Shopify
2025-10-02,SKU-058,5,492,Amazon
2025-06-04,SKU-050,2,72,Temu
2025-08-29,SKU-041,4,74,Walmart
2026-01-25,SKU-032,4,69,Shopify
2025-07-30,SKU-003,4,325,Walmart
2025-07-16,SKU-005,3,412,eBay
2025-09-24,SKU-029,3,210,Walmart
2025-12-26,SKU-045,3,776,eBay
2025-05-29,SKU-014,4,541,Walmart
2026-01-12,SKU-020,4,190,Walmart
2026-01-30,SKU-041,5,54,Amazon
2025-07-05,SKU-032,1,77,eBay
2025-12-17,SKU-031,2,79,Walmart
2026-01-21,SKU-026,4,704,Temu
2026-03-18,SKU-040,2,140,Walmart
2025-12-30,SKU-043,5,38,Amazon
2026-03-06,SKU-026,5,761,Amazon
2026-03-11,SKU-011,4,231,Shopify
2026-02-01,SKU-022,4,187,Walmart
2025-09-03,SKU-037,2,190,eBay
2025-08-04,SKU-021,5,184,eBay
2025-05-25,SKU-042,3,73,Shopify
2026-03-04,SKU-021,5,115,eBay
2026-03-10,SKU-009,4,93,Shopify
2025-08-10,SKU-060,4,97,Temu
2025-09-28,SKU-009,5,130,eBay
2025-07-05,SKU-012,3,246,Amazon
2026-01-04,SKU-057,4,589,eBay
2025-11-19,SKU-056,1,195,Amazon
2025-09-22,SKU-029,2,164,Shopify
2026-03-05,SKU-015,3,761,Temu
2026-01-22,SKU-004,1,237,Amazon
2026-03-28,SKU-042,1,50,Amazon
2025-08-21,SKU-007,5,107,Amazon
2025-11-02,SKU-045,5,618,Amazon
2026-04-18,SKU-039,1,180,Temu
2025-11-07,SKU-043,2,53,Amazon
2025-07-30,SKU-014,5,471,Temu
2025-09-02,SKU-014,5,492,Temu
2026-04-27,SKU-040,3,151,Shopify
2025-11-26,SKU-002,2,170,Amazon
2026-01-12,SKU-017,1,273,Walmart
2025-08-06,SKU-020,2,237,eBay
2025-07-25,SKU-017,1,194,Amazon
2025-10-13,SKU-051,3,73,Temu
2026-04-28,SKU-010,4,139,Amazon
2026-03-06,SKU-021,2,142,Walmart
2026-02-19,SKU-018,1,214,Amazon
2026-01-04,SKU-058,4,496,Temu
2025-10-26,SKU-038,4,220,eBay
2026-02-22,SKU-059,2,102,Walmart
2025-08-22,SKU-054,4,826,eBay
2026-03-03,SKU-026,4,453,eBay
2025-06-04,SKU-004,3,333,Temu
2025-07-07,SKU-050,5,58,Shopify
2025-08-21,SKU-016,3,866,Walmart
2026-02-07,SKU-027,1,98,Shopify
2026-02-07,SKU-011,2,230,Temu
2026-01-15,SKU-020,2,203,Temu
2026-02-01,SKU-041,3,48,Temu
2026-04-23,SKU-050,3,76,Walmart
2026-01-19,SKU-018,3,194,Shopify
2026-03-17,SKU-060,2,111,Amazon
2026-04-25,SKU-013,1,378,Walmart
2025-06-17,SKU-057,1,357,Temu
2025-12-31,SKU-043,5,56,Walmart
2025-07-18,SKU-033,5,265,Amazon
2025-09-15,SKU-059,2,106,eBay
2025-12-26,SKU-047,4,270,Walmart
2025-12-15,SKU-021,5,113,Temu
2026-03-17,SKU-051,4,74,Walmart
2026-04-20,SKU-016,3,1170,Walmart
2025-06-02,SKU-024,4,806,Shopify
2025-08-09,SKU-006,3,422,Temu
2025-07-31,SKU-012,1,326,Temu
2026-03-09,SKU-058,1,478,Shopify
2025-07-09,SKU-043,2,59,eBay
2025-07-17,SKU-048,2,207,Amazon
2025-05-19,SKU-052,3,68,Amazon
2026-05-13,SKU-007,3,86,eBay
2026-04-23,SKU-052,1,67,Temu
2026-05-14,SKU-029,1,225,Shopify
2025-11-06,SKU-048,4,302,Temu
2026-03-29,SKU-041,1,71,Shopify
2025-07-05,SKU-038,5,143,eBay
2025-12-18,SKU-002,5,178,Shopify
2026-03-24,SKU-043,2,60,Shopify
2025-11-13,SKU-027,4,98,eBay
2025-08-30,SKU-035,5,96,Amazon
2026-03-04,SKU-048,4,215,Temu
2026-02-27,SKU-026,3,514,Temu
2025-10-13,SKU-007,3,78,eBay
2025-07-04,SKU-016,4,747,Shopify
2025-10-09,SKU-010,2,124,Shopify
2026-02-15,SKU-033,4,349,Temu
2025-07-09,SKU-039,4,159,Shopify
2025-09-13,SKU-047,1,292,Shopify
2026-04-12,SKU-051,3,98,Temu
2025-12-15,SKU-043,5,39,Shopify
2026-02-15,SKU-042,3,51,Temu
2025-10-23,SKU-020,4,200,eBay
2025-08-11,SKU-030,1,176,Amazon
2025-07-31,SKU-032,3,105,Temu
2026-03-15,SKU-046,2,774,Temu
2026-04-22,SKU-021,1,177,Shopify
2026-02-10,SKU-056,3,203,Amazon
2026-02-26,SKU-036,1,127,Shopify
2026-03-17,SKU-004,5,350,Walmart
2025-06-22,SKU-009,3,139,Walmart
2025-07-16,SKU-016,1,1176,Walmart
2025-06-22,SKU-029,4,159,Walmart
2025-06-06,SKU-050,5,78,Temu
2026-02-02,SKU-022,4,155,Temu
2025-11-04,SKU-052,1,104,Walmart
2026-01-23,SKU-018,1,206,eBay
2026-04-26,SKU-030,4,202,Temu
2026-01-24,SKU-020,3,176,Shopify
2026-04-06,SKU-043,2,51,Walmart
2026-01-07,SKU-042,3,73,Amazon
2026-04-08,SKU-012,4,278,Temu
2026-03-25,SKU-053,2,1168,Walmart
2025-05-19,SKU-023,3,587,Walmart
2026-01-19,SKU-044,2,44,Shopify
2026-01-26,SKU-018,2,253,Amazon
2026-03-16,SKU-027,1,90,Temu
2025-08-11,SKU-051,4,74,Amazon
2025-07-13,SKU-004,4,341,Shopify
2026-05-05,SKU-008,2,118,Walmart
2026-05-13,SKU-053,4,980,Temu
2026-03-19,SKU-047,2,321,Temu
2025-09-02,SKU-041,3,67,eBay
2025-08-08,SKU-012,1,348,Amazon
2026-02-08,SKU-014,2,368,Temu
2026-03-28,SKU-019,1,188,Temu
2026-03-26,SKU-015,4,787,Walmart
2025-08-20,SKU-057,3,356,Walmart
2025-05-25,SKU-025,4,604,Amazon
2025-06-03,SKU-004,1,282,Shopify
2025-08-14,SKU-034,5,313,eBay
2025-12-07,SKU-007,2,89,Walmart
2025-07-27,SKU-012,3,282,Amazon
2025-10-02,SKU-041,3,75,Shopify
2026-01-23,SKU-030,5,226,Walmart
2025-08-22,SKU-005,4,426,Amazon
2025-12-20,SKU-049,2,52,Amazon
2025-11-27,SKU-035,3,123,Amazon
2025-07-20,SKU-004,1,252,Temu
2025-11-07,SKU-053,5,715,eBay
2025-06-15,SKU-053,3,1082,eBay
2025-12-18,SKU-032,4,85,Shopify
2025-12-11,SKU-031,4,83,Temu
2025-06-01,SKU-026,5,477,Temu
2026-01-27,SKU-035,1,83,Shopify
2025-06-02,SKU-041,2,66,Walmart
2026-01-10,SKU-041,2,64,eBay
2025-11-02,SKU-049,2,54,Shopify
2026-05-13,SKU-031,2,109,eBay
2025-06-01,SKU-038,4,185,eBay
2025-05-28,SKU-001,5,174,Shopify
2026-01-16,SKU-016,4,805,Amazon
2026-04-06,SKU-029,5,204,eBay
2025-10-11,SKU-020,5,226,Amazon
2025-08-26,SKU-009,4,153,Amazon
2025-06-08,SKU-019,1,175,Walmart
2025-10-13,SKU-040,2,188,Amazon
2025-10-04,SKU-013,1,395,Walmart
2025-10-27,SKU-027,5,91,Walmart
2026-03-27,SKU-022,2,135,Walmart
2025-08-05,SKU-018,4,243,Shopify
2026-05-14,SKU-050,2,74,Walmart
2025-06-11,SKU-043,3,35,Shopify
2025-10-28,SKU-021,4,116,Walmart
2025-05-18,SKU-046,1,750,Amazon
2025-09-26,SKU-038,4,213,Amazon
2026-01-28,SKU-029,4,232,Shopify
2026-01-17,SKU-034,1,257,Amazon
2025-12-14,SKU-058,1,616,Temu
2025-08-22,SKU-039,4,154,Shopify
2025-11-14,SKU-024,4,713,Walmart
2025-06-03,SKU-029,2,232,eBay
2025-12-18,SKU-032,2,112,Walmart
2025-09-21,SKU-023,5,551,Shopify
2025-11-23,SKU-009,1,119,Walmart
2026-02-23,SKU-036,2,123,Temu
2025-12-06,SKU-057,1,623,Walmart
2025-09-17,SKU-014,4,371,Shopify
2025-09-14,SKU-031,1,67,Shopify
2026-05-10,SKU-013,1,445,Shopify
2025-08-31,SKU-002,3,157,Shopify
2025-10-11,SKU-012,5,223,Amazon
2025-08-19,SKU-007,2,115,Walmart
2026-03-03,SKU-006,5,452,Walmart
2025-08-02,SKU-010,5,107,eBay
2026-05-01,SKU-006,3,433,eBay
2025-10-05,SKU-034,3,376,Shopify
2026-03-14,SKU-044,4,50,Walmart
2025-09-03,SKU-012,1,211,eBay
2026-04-01,SKU-021,5,177,Temu
2025-11-12,SKU-032,4,102,eBay
2025-07-23,SKU-032,2,100,Temu
2026-03-12,SKU-044,4,40,Temu
2026-01-16,SKU-035,4,87,Shopify
2026-02-13,SKU-014,4,548,Shopify
2026-04-22,SKU-007,5,76,Walmart
2025-12-10,SKU-053,1,1073,Walmart
2026-02-04,SKU-018,2,285,Shopify
2025-10-11,SKU-056,1,112,Temu
2025-08-08,SKU-020,1,160,Walmart
2026-04-26,SKU-006,5,441,Amazon
2025-10-08,SKU-025,3,486,Walmart
2025-06-28,SKU-030,1,223,Temu
2025-12-03,SKU-043,4,38,Shopify
2026-04-11,SKU-060,5,142,Shopify
2026-03-21,SKU-048,4,268,Shopify
2025-11-15,SKU-032,5,83,Walmart
2025-07-18,SKU-016,4,886,eBay
2025-11-20,SKU-035,4,133,eBay
2025-06-23,SKU-017,4,211,Walmart
2025-06-13,SKU-046,1,722,Walmart
2025-11-04,SKU-045,3,455,Amazon
2026-02-08,SKU-020,2,151,eBay
2026-01-10,SKU-042,2,70,Walmart
2026-05-01,SKU-029,3,200,Walmart
2026-01-06,SKU-008,5,80,Temu
2026-05-10,SKU-044,1,57,Shopify
2025-07-05,SKU-031,4,94,eBay
2025-09-15,SKU-030,2,202,Amazon
2025-05-29,SKU-046,1,492,Amazon
2025-08-18,SKU-009,1,115,Shopify
2026-02-03,SKU-058,5,539,Amazon
2025-11-26,SKU-060,4,99,Amazon
2026-05-13,SKU-058,5,375,Shopify
2025-06-16,SKU-011,5,268,Amazon
2026-04-27,SKU-043,2,47,Shopify
2025-12-14,SKU-002,1,222,Amazon
2025-06-02,SKU-038,4,205,Walmart
2025-08-06,SKU-044,4,44,Shopify
2026-03-07,SKU-026,2,606,eBay
2025-05-25,SKU-031,1,103,Temu
2025-06-08,SKU-054,1,1111,Walmart
2025-07-18,SKU-017,4,236,Temu
2026-02-20,SKU-043,2,60,Walmart
2026-05-07,SKU-005,3,395,Temu
2025-06-20,SKU-057,3,364,eBay
2025-11-13,SKU-036,5,112,Temu
2025-12-22,SKU-017,5,162,Shopify
2026-02-05,SKU-037,3,143,Temu
2025-07-25,SKU-055,5,203,Amazon
2025-08-07,SKU-052,5,63,Amazon
2025-11-22,SKU-019,5,212,Shopify
2025-10-27,SKU-047,4,223,Shopify
2025-07-12,SKU-055,5,115,Shopify
2025-08-01,SKU-045,5,457,Amazon
2025-10-05,SKU-049,3,61,Shopify
2026-01-28,SKU-017,3,272,Amazon
2025-12-22,SKU-017,4,187,eBay
2026-05-12,SKU-044,3,38,Shopify
2026-03-14,SKU-055,3,116,Shopify
2025-12-24,SKU-043,4,58,Walmart
2025-11-16,SKU-016,1,717,Amazon
2025-09-22,SKU-058,4,552,Walmart
2026-02-15,SKU-060,1,138,Temu
2025-12-07,SKU-030,3,154,eBay
2025-06-14,SKU-026,3,720,Shopify
2025-11-09,SKU-027,5,107,Temu
2025-08-06,SKU-059,2,135,Temu
2026-03-09,SKU-053,5,821,eBay
2025-11-15,SKU-058,3,467,Walmart
2025-09-26,SKU-032,3,106,Walmart
2026-01-13,SKU-050,4,74,Amazon
2025-11-23,SKU-016,3,764,Shopify
2025-12-13,SKU-049,1,68,Walmart
2025-08-08,SKU-025,4,621,eBay
2026-01-11,SKU-018,2,168,Walmart
2025-09-02,SKU-021,5,153,Shopify
2026-01-15,SKU-041,4,45,Walmart
2026-04-04,SKU-023,3,676,Amazon
2025-09-25,SKU-003,2,351,Shopify
2026-02-11,SKU-060,1,161,Temu
2026-03-27,SKU-059,5,116,eBay
2025-09-06,SKU-001,4,156,Temu
2026-05-07,SKU-053,4,726,eBay
2025-07-10,SKU-026,5,685,eBay
2025-06-08,SKU-025,3,711,eBay
2025-11-05,SKU-016,2,925,Amazon
2026-03-23,SKU-048,1,230,eBay
2025-07-01,SKU-035,4,114,Shopify
2025-08-21,SKU-016,4,1183,Amazon
2025-08-07,SKU-016,5,713,Amazon
2025-12-23,SKU-054,3,960,Shopify
2025-07-14,SKU-059,4,100,Shopify
2025-07-15,SKU-023,5,841,Amazon
2025-07-22,SKU-037,3,218,Amazon
2025-12-14,SKU-033,1,389,Shopify
2025-06-25,SKU-037,3,203,eBay
2025-08-16,SKU-023,5,789,Amazon
2025-12-09,SKU-058,2,531,Shopify
2026-02-05,SKU-018,3,249,Temu
2026-01-19,SKU-041,3,58,eBay
2025-06-30,SKU-021,2,135,eBay
2025-09-18,SKU-007,2,114,eBay
2025-07-28,SKU-002,3,162,Temu
2025-08-30,SKU-031,3,72,eBay
2025-10-05,SKU-035,5,109,Shopify
2026-02-03,SKU-045,1,554,Temu
2026-03-20,SKU-059,1,101,Walmart
2025-07-16,SKU-055,1,154,Temu
2025-09-22,SKU-040,1,128,Walmart
2025-11-17,SKU-044,5,51,Amazon
2025-05-26,SKU-015,5,1019,eBay
2025-08-13,SKU-044,5,36,Amazon
2025-11-10,SKU-040,2,163,Temu
2025-10-11,SKU-029,3,202,eBay
2025-12-28,SKU-025,4,771,Amazon
2026-01-22,SKU-051,1,109,Amazon
2026-04-12,SKU-034,4,296,Temu
2025-11-17,SKU-001,2,221,eBay
2025-09-26,SKU-017,1,295,Walmart
2025-08-29,SKU-036,2,111,Amazon
2025-07-25,SKU-050,1,60,Amazon
2026-04-16,SKU-007,5,92,Shopify
2026-04-16,SKU-044,3,50,Walmart
2026-02-06,SKU-014,2,326,Walmart
2025-08-27,SKU-011,2,308,Walmart
2025-11-04,SKU-054,4,854,Temu
2026-01-07,SKU-056,1,143,Shopify
2026-03-02,SKU-005,5,364,eBay
2026-02-16,SKU-028,4,89,Amazon
2025-07-10,SKU-058,4,358,Walmart
2026-02-10,SKU-033,1,294,Shopify
2025-07-28,SKU-015,3,1089,Shopify
2025-07-13,SKU-041,5,61,Shopify
2025-10-02,SKU-020,3,167,Amazon
2025-06-28,SKU-010,4,88,eBay
2025-07-19,SKU-036,2,91,eBay
2025-12-03,SKU-042,1,76,Amazon
2025-05-17,SKU-028,2,116,Walmart
2025-09-15,SKU-038,5,235,Walmart
2025-07-06,SKU-052,1,94,Walmart
2025-08-25,SKU-003,1,290,Temu
2026-01-30,SKU-029,3,222,Amazon
2026-02-08,SKU-046,3,702,Amazon
2025-06-11,SKU-057,4,381,Amazon
2026-01-27,SKU-060,5,125,Shopify
2025-05-17,SKU-009,2,135,Walmart
2026-05-14,SKU-038,2,226,Walmart
2026-02-19,SKU-025,5,538,eBay
2026-01-23,SKU-016,3,828,Amazon
2026-02-07,SKU-014,2,344,Amazon
2025-09-11,SKU-026,3,481,Walmart
2025-06-15,SKU-027,1,66,Temu
2026-05-09,SKU-018,4,240,Shopify
2025-06-21,SKU-037,3,187,eBay
2025-10-10,SKU-044,3,58,Amazon
2025-10-11,SKU-053,4,683,Walmart
2025-12-15,SKU-020,5,238,eBay
2026-01-12,SKU-042,4,57,Amazon
2025-10-30,SKU-002,3,211,Temu
2025-09-26,SKU-054,5,1083,Temu
2025-09-12,SKU-060,2,145,eBay
2026-02-10,SKU-006,4,367,Amazon
2025-11-13,SKU-028,3,93,Amazon
2025-10-17,SKU-054,5,1139,Walmart
2025-08-16,SKU-047,4,279,eBay
2025-10-28,SKU-020,1,227,Temu
2026-05-10,SKU-030,1,132,eBay
2026-05-03,SKU-060,1,136,Shopify
2025-10-22,SKU-022,4,106,Walmart
2026-02-25,SKU-023,2,779,Walmart
2026-01-31,SKU-013,4,558,Shopify
2025-05-24,SKU-034,5,313,Shopify
2026-01-05,SKU-054,4,1004,Temu
2025-07-05,SKU-007,5,81,Walmart
2025-09-09,SKU-028,3,89,Amazon
2026-03-22,SKU-047,3,220,Walmart
2026-02-22,SKU-060,1,154,Shopify
2025-07-18,SKU-044,5,53,Amazon
2025-11-18,SKU-026,5,698,Shopify
2025-08-07,SKU-042,3,66,Amazon
2025-11-15,SKU-051,1,66,Amazon
2025-05-29,SKU-044,5,47,Amazon
2025-05-17,SKU-026,2,552,Walmart
2026-05-03,SKU-047,4,293,Temu
2025-10-24,SKU-037,5,148,Walmart
2025-11-15,SKU-022,3,137,Amazon
2026-02-04,SKU-016,2,1072,Temu
2025-10-02,SKU-034,3,347,Temu
2025-09-23,SKU-009,1,154,Amazon
2025-09-21,SKU-027,5,94,Walmart
2025-11-18,SKU-001,1,212,Walmart
2025-12-14,SKU-052,2,76,Temu
2025-07-17,SKU-049,2,79,Temu
2025-06-23,SKU-001,1,239,Walmart
2026-01-07,SKU-048,1,318,Temu
2026-04-19,SKU-034,1,357,Temu
2025-11-21,SKU-057,5,514,Walmart
2026-01-11,SKU-036,5,92,eBay
2025-12-17,SKU-030,2,214,Walmart
2026-03-19,SKU-010,2,125,Shopify
2025-06-03,SKU-008,3,87,Walmart
2026-04-08,SKU-023,2,757,eBay
2026-01-12,SKU-025,3,422,Walmart
2026-03-04,SKU-032,5,82,Amazon
2025-07-22,SKU-014,3,408,Walmart
2025-09-11,SKU-046,4,547,Shopify
2025-07-08,SKU-005,4,343,Temu
2025-11-17,SKU-044,1,55,eBay
2025-05-30,SKU-016,4,796,Walmart
2025-06-29,SKU-054,1,1158,Shopify
2025-08-01,SKU-041,5,44,Walmart
2025-08-21,SKU-048,2,257,Shopify
2025-10-17,SKU-058,5,481,Temu
2026-02-16,SKU-032,3,107,Shopify
2025-06-21,SKU-048,4,295,Amazon
2026-01-14,SKU-028,2,98,Shopify
2025-06-03,SKU-032,2,78,eBay
2025-09-14,SKU-017,1,189,Amazon
2025-08-13,SKU-049,4,60,Temu
2025-11-26,SKU-043,4,50,eBay
2026-03-30,SKU-024,5,523,eBay
2025-11-20,SKU-038,3,213,Temu
2025-12-24,SKU-033,4,256,eBay
2025-05-17,SKU-002,3,188,Temu
2025-12-01,SKU-015,3,1095,eBay
2025-07-21,SKU-044,2,56,Amazon
2025-08-06,SKU-054,5,750,Walmart
2025-10-29,SKU-048,5,201,Temu
2026-03-22,SKU-016,2,1250,Temu
2026-01-15,SKU-025,3,482,Amazon
2026-05-05,SKU-007,1,118,eBay
2026-02-22,SKU-050,3,53,Walmart
2026-03-02,SKU-002,3,206,Temu
2025-08-25,SKU-055,4,130,Walmart
2025-10-20,SKU-009,2,87,Walmart
2025-08-29,SKU-026,1,641,Walmart
2026-01-06,SKU-030,5,142,eBay
2025-12-12,SKU-023,1,784,Temu
2025-05-20,SKU-017,1,185,eBay
2026-01-27,SKU-004,2,294,Walmart
2026-04-22,SKU-012,1,298,eBay
2025-12-20,SKU-031,3,85,Amazon
2025-08-25,SKU-029,5,226,Temu
2026-05-11,SKU-016,5,929,Amazon
2026-04-04,SKU-060,4,99,Shopify
2026-01-31,SKU-034,2,347,Walmart
2026-03-29,SKU-010,4,106,Shopify
2026-01-25,SKU-013,3,420,Walmart
2025-12-14,SKU-048,3,222,Walmart
2025-09-11,SKU-050,3,72,eBay
2025-09-22,SKU-019,1,160,Amazon
2025-12-04,SKU-053,3,775,Amazon
2026-02-03,SKU-007,5,106,Walmart
2026-04-27,SKU-013,1,501,Walmart
2025-12-16,SKU-036,2,80,Walmart
2025-11-15,SKU-027,3,98,Temu
2025-07-26,SKU-030,3,196,Shopify
2026-01-07,SKU-028,3,105,Walmart
2025-12-03,SKU-025,4,710,Shopify
2026-01-20,SKU-009,4,97,Temu
2026-02-06,SKU-006,2,360,Shopify
2026-04-07,SKU-019,1,179,Temu
2025-07-01,SKU-038,4,197,Temu
2025-07-24,SKU-038,1,153,Walmart
2026-04-25,SKU-051,5,90,Temu
2025-10-31,SKU-044,3,55,Amazon
2025-05-15,SKU-043,4,61,Amazon
2025-07-11,SKU-007,1,79,Temu
2025-08-05,SKU-032,2,110,Shopify
2025-10-10,SKU-046,4,537,eBay
2025-10-16,SKU-008,3,81,eBay
2026-02-26,SKU-050,1,89,Temu
2026-04-29,SKU-018,4,198,eBay
2025-05-31,SKU-042,3,56,Shopify
2025-12-15,SKU-009,5,138,Amazon
2026-03-06,SKU-018,5,271,eBay
2026-05-07,SKU-038,2,182,Shopify
2025-07-20,SKU-033,3,363,eBay
2025-12-18,SKU-060,4,125,Shopify
2025-07-19,SKU-054,2,1147,eBay
2026-02-23,SKU-044,4,47,Walmart
2026-03-04,SKU-033,1,256,Amazon
2025-12-28,SKU-031,2,81,Walmart
2025-12-06,SKU-010,1,97,Walmart
2025-10-05,SKU-017,2,199,Amazon
2025-10-19,SKU-002,2,198,Shopify
2025-06-24,SKU-057,2,597,Walmart
2026-04-30,SKU-031,2,87,Amazon
2026-01-11,SKU-040,2,134,Amazon
2025-10-08,SKU-010,3,135,eBay
2025-11-08,SKU-058,4,501,eBay
2025-07-27,SKU-042,5,43,eBay
2025-12-12,SKU-001,2,228,Shopify
2025-12-13,SKU-047,2,283,Shopify
2026-03-23,SKU-005,5,416,Shopify
2025-05-23,SKU-004,2,322,Shopify
2026-04-01,SKU-060,3,167,Walmart
2025-09-30,SKU-038,2,168,eBay
2025-08-08,SKU-001,4,169,Shopify
2026-02-28,SKU-009,1,125,Shopify
2025-11-26,SKU-017,3,186,Walmart
2025-11-01,SKU-052,4,76,Temu
2026-02-20,SKU-015,5,863,Walmart
2026-03-12,SKU-010,4,152,Temu
2025-06-16,SKU-014,1,508,Temu
2026-04-05,SKU-036,3,116,eBay
2025-07-14,SKU-028,4,90,Temu
2025-11-28,SKU-026,4,725,Amazon
2025-11-27,SKU-057,3,433,Amazon
2025-11-13,SKU-048,2,234,Walmart
2025-11-17,SKU-036,5,99,Amazon
2025-12-22,SKU-033,5,384,Temu
2026-03-02,SKU-009,5,130,Walmart
2025-11-17,SKU-052,4,114,eBay
2026-04-22,SKU-004,4,244,Walmart
2026-04-11,SKU-031,4,66,Amazon
2026-05-11,SKU-019,5,145,eBay
2025-11-29,SKU-004,4,246,Walmart
2026-01-30,SKU-055,5,169,Amazon
2025-11-14,SKU-006,2,264,Amazon
2026-05-06,SKU-004,4,345,Amazon
2025-08-13,SKU-053,4,1013,Shopify
2026-01-02,SKU-003,5,286,eBay
2025-10-15,SKU-002,3,169,Shopify
2026-03-01,SKU-034,4,356,Amazon
2025-08-13,SKU-051,4,113,Amazon
2025-07-02,SKU-051,2,80,eBay
2025-12-02,SKU-044,4,51,Temu
2026-01-10,SKU-008,3,101,Amazon
2026-03-18,SKU-027,1,86,Amazon
2025-07-23,SKU-052,2,78,Walmart
2025-05-17,SKU-007,1,123,eBay
2025-12-15,SKU-021,1,131,Walmart
2026-03-04,SKU-009,1,123,eBay
2025-07-13,SKU-009,4,127,Amazon
2025-09-06,SKU-020,5,218,Amazon
2026-03-30,SKU-006,5,314,Temu
2025-12-23,SKU-001,1,181,Shopify
2025-07-20,SKU-024,5,885,Amazon
2025-08-27,SKU-004,2,255,eBay
2026-02-25,SKU-023,2,531,Walmart
2025-12-29,SKU-006,4,253,Temu
2025-05-19,SKU-022,2,160,eBay
2026-04-25,SKU-047,2,258,Shopify
2025-05-27,SKU-011,2,277,Amazon
2026-05-15,SKU-057,5,572,Walmart
2026-05-12,SKU-037,3,238,Amazon
2025-10-20,SKU-027,4,79,Shopify
2026-03-15,SKU-010,4,152,Temu
2025-06-10,SKU-016,4,755,Temu
2025-07-27,SKU-034,1,363,Walmart
2025-09-30,SKU-031,5,99,Amazon
2026-03-11,SKU-044,2,56,Walmart
2025-12-21,SKU-049,3,78,Shopify
2025-09-05,SKU-005,3,387,Amazon
2025-09-17,SKU-017,2,273,Shopify
2026-01-30,SKU-001,5,203,Amazon
2025-08-30,SKU-006,5,362,Amazon
2025-06-07,SKU-008,3,105,Amazon
2026-04-16,SKU-048,1,297,Shopify
2025-10-01,SKU-059,1,145,Walmart
2026-02-07,SKU-018,5,163,eBay
2025-05-27,SKU-058,5,556,Shopify
2025-10-07,SKU-037,2,241,eBay
2025-08-19,SKU-001,5,181,Temu
2025-12-19,SKU-009,5,89,Amazon
2025-11-25,SKU-043,1,60,Temu
2025-10-04,SKU-046,1,726,Shopify
2025-06-08,SKU-008,1,88,Shopify
2025-07-02,SKU-059,3,175,Walmart
2025-07-25,SKU-026,4,710,Amazon
2025-11-11,SKU-004,3,381,eBay
2025-09-24,SKU-017,1,265,eBay
2025-08-02,SKU-059,3,120,eBay
2025-07-21,SKU-055,5,205,Walmart
2025-08-02,SKU-058,5,510,Amazon
2025-12-09,SKU-048,5,226,Temu
2025-05-23,SKU-039,4,166,Walmart
2026-03-01,SKU-055,2,193,Amazon
2026-04-30,SKU-024,3,854,Temu
2025-09-13,SKU-031,3,86,Temu
2026-04-17,SKU-024,2,785,Walmart
2026-03-12,SKU-006,4,252,Temu
2025-09-19,SKU-012,2,306,Shopify
2026-04-27,SKU-011,4,290,Temu
2025-07-23,SKU-045,2,465,eBay
2026-05-13,SKU-011,1,326,Temu
2025-06-03,SKU-005,1,261,Amazon
2025-11-15,SKU-013,5,405,Shopify
2025-11-24,SKU-051,5,105,eBay
2025-12-14,SKU-048,5,214,Amazon
2026-04-05,SKU-003,3,230,Walmart
2026-04-25,SKU-014,3,397,eBay
2025-09-04,SKU-024,5,838,eBay
2025-06-03,SKU-054,5,1014,eBay
2025-06-27,SKU-024,3,659,Walmart
2025-12-12,SKU-053,3,667,Shopify
2026-04-27,SKU-055,1,156,Shopify
2025-08-17,SKU-004,5,302,Amazon
2025-09-27,SKU-023,5,635,Amazon
2026-02-20,SKU-051,5,84,Shopify
2025-08-09,SKU-013,3,326,Walmart
2025-09-07,SKU-003,3,304,Amazon
2025-07-06,SKU-025,2,458,Shopify
2025-09-09,SKU-009,4,128,eBay
2026-05-08,SKU-004,1,388,Walmart
2025-09-10,SKU-009,5,147,Amazon
2026-04-29,SKU-047,3,298,Temu
2025-06-23,SKU-051,4,97,Temu
2025-12-08,SKU-053,5,939,Amazon
2026-02-20,SKU-052,5,93,eBay
2025-08-25,SKU-056,5,160,Shopify
2026-02-02,SKU-060,4,101,Shopify
2026-04-18,SKU-059,4,120,Walmart
2025-08-24,SKU-044,4,54,Temu
2025-05-18,SKU-016,5,723,Temu
2025-05-26,SKU-025,3,682,eBay
2025-05-19,SKU-043,2,53,Temu
2025-10-18,SKU-037,5,170,Amazon
2025-10-15,SKU-030,2,155,Amazon
2025-05-26,SKU-019,5,147,eBay
2025-11-03,SKU-040,4,122,eBay
2025-07-09,SKU-013,3,478,Temu
2025-06-19,SKU-010,2,153,Amazon
2026-04-21,SKU-032,4,80,Temu
2025-12-29,SKU-046,2,463,Shopify
2025-05-22,SKU-019,4,189,Shopify
2026-02-03,SKU-040,2,125,Temu
2025-10-22,SKU-048,1,286,Amazon
2025-11-20,SKU-043,1,63,Walmart
2025-09-08,SKU-001,2,222,Walmart
2025-05-15,SKU-033,5,273,eBay
2026-05-08,SKU-059,3,123,Amazon
2025-08-11,SKU-031,1,93,Walmart
2026-04-14,SKU-038,5,239,Walmart
2025-08-30,SKU-025,4,422,Temu
2025-09-07,SKU-045,1,732,Amazon
2026-03-04,SKU-029,1,131,Temu
2026-03-23,SKU-059,1,145,eBay
2025-10-12,SKU-040,2,139,Temu
2026-01-28,SKU-048,5,286,eBay
2026-02-12,SKU-014,3,365,eBay
2026-02-14,SKU-018,3,258,Shopify
2025-10-25,SKU-036,4,106,Amazon
2025-07-23,SKU-040,1,142,Temu
2026-04-25,SKU-051,5,108,Amazon
2025-09-21,SKU-025,3,708,Walmart
2025-08-11,SKU-058,4,581,Amazon
2026-01-04,SKU-004,5,339,Walmart
2026-03-29,SKU-015,2,745,eBay
2025-10-21,SKU-056,5,133,eBay
2025-06-12,SKU-002,2,252,Shopify
2026-01-04,SKU-033,2,384,Amazon
2025-12-17,SKU-020,5,201,Temu
2025-12-22,SKU-038,5,149,eBay
2025-06-16,SKU-023,1,677,Shopify
2026-01-27,SKU-016,1,1109,eBay
2026-01-30,SKU-055,2,203,Temu
2026-03-24,SKU-059,4,134,Shopify
2025-06-28,SKU-046,1,523,Amazon
2025-08-30,SKU-046,5,722,Shopify
2026-03-27,SKU-013,1,508,eBay
2025-07-01,SKU-040,2,147,Amazon
2025-12-05,SKU-010,3,133,Walmart
2026-02-08,SKU-052,5,80,Temu
2026-01-18,SKU-015,5,893,eBay
2025-08-04,SKU-044,2,51,Walmart
2025-07-08,SKU-010,4,122,eBay
2025-06-13,SKU-049,3,62,eBay
2025-08-17,SKU-033,2,235,Temu
2025-08-04,SKU-011,4,229,Amazon
2026-03-07,SKU-060,5,139,eBay
2025-10-21,SKU-053,1,931,eBay
2025-12-10,SKU-034,2,328,Temu
2025-07-18,SKU-035,3,113,Amazon
2025-10-27,SKU-052,4,69,eBay
2025-12-02,SKU-010,3,111,Walmart
2025-10-04,SKU-003,3,223,Shopify
2026-02-03,SKU-014,2,421,Shopify
2026-03-15,SKU-046,2,584,Temu
2026-05-07,SKU-043,3,63,Shopify
2026-05-07,SKU-023,1,856,Shopify
2025-11-01,SKU-032,2,79,eBay
2026-01-10,SKU-015,1,827,Shopify
2025-11-17,SKU-057,1,600,Shopify
2025-06-07,SKU-003,4,360,eBay
2026-05-15,SKU-018,2,212,Amazon
2025-05-22,SKU-003,5,297,eBay
2026-04-11,SKU-056,5,162,Shopify
2025-06-04,SKU-036,3,88,Walmart
2026-04-15,SKU-024,3,747,Temu
2026-04-27,SKU-002,2,251,Temu
2025-09-10,SKU-029,5,217,Amazon
2026-02-24,SKU-013,1,554,Amazon
2025-11-21,SKU-057,1,608,Shopify
2025-08-14,SKU-012,1,252,Amazon
2026-01-12,SKU-058,3,458,Temu
2026-04-06,SKU-050,4,67,Shopify
2025-06-07,SKU-011,2,268,eBay
2025-10-16,SKU-049,4,63,Temu
2025-10-22,SKU-042,1,73,Temu
2025-10-29,SKU-043,3,59,Temu
2025-10-25,SKU-057,1,404,Temu
2025-10-11,SKU-038,1,162,Temu
2025-10-08,SKU-050,2,48,Temu
2026-01-01,SKU-027,1,108,eBay
2025-06-16,SKU-030,3,147,Shopify
2026-02-19,SKU-001,1,179,Amazon
2025-05-30,SKU-021,5,118,eBay
2025-12-10,SKU-031,5,109,Amazon
2025-06-28,SKU-042,4,62,Temu
2026-01-13,SKU-059,1,102,Amazon
2025-06-04,SKU-005,4,254,Amazon
2026-01-30,SKU-013,2,327,eBay
2025-12-27,SKU-008,4,127,Walmart
2025-11-05,SKU-011,2,303,Walmart
2026-05-15,SKU-042,5,52,Walmart
2025-08-18,SKU-025,2,774,Shopify
2026-03-10,SKU-035,1,81,Shopify
2025-10-01,SKU-044,2,47,Shopify
2026-03-29,SKU-032,2,102,Walmart
2025-08-01,SKU-056,4,119,Walmart
2025-07-30,SKU-048,4,230,Amazon
2026-02-09,SKU-012,1,299,Amazon
2025-06-06,SKU-029,5,203,Amazon
2025-12-09,SKU-018,4,176,eBay
2025-11-16,SKU-026,5,769,Amazon
2025-05-23,SKU-046,3,688,Temu
2026-02-28,SKU-024,4,680,Walmart
2025-06-04,SKU-060,4,114,Walmart
2026-04-21,SKU-043,5,45,Walmart
2026-01-30,SKU-015,3,737,Shopify
2025-12-19,SKU-015,4,1237,Shopify
2025-12-27,SKU-003,2,227,Amazon
2026-04-01,SKU-032,5,97,Shopify
2026-01-05,SKU-059,3,155,Temu
2025-07-30,SKU-057,4,512,Walmart
2025-08-25,SKU-014,3,417,Shopify
2025-09-03,SKU-014,3,466,Amazon
2026-02-18,SKU-035,1,127,Amazon
2026-01-04,SKU-033,1,351,eBay
2025-08-01,SKU-001,3,153,Amazon
2026-01-09,SKU-050,2,67,Temu
2025-09-16,SKU-052,5,81,Temu
2025-12-17,SKU-048,4,310,Temu
2025-10-29,SKU-033,5,266,Temu
2026-05-07,SKU-051,4,100,eBay
2026-02-02,SKU-045,5,531,Walmart
2026-05-03,SKU-046,5,536,eBay
2025-12-06,SKU-010,2,89,eBay
2026-04-21,SKU-018,5,283,Shopify
2025-10-29,SKU-035,2,90,Amazon
2026-04-18,SKU-008,1,107,eBay
2025-05-27,SKU-001,4,204,Shopify
2026-01-07,SKU-050,5,83,Temu
2026-03-15,SKU-040,3,119,Temu
2025-05-24,SKU-032,5,80,Walmart
2025-11-08,SKU-029,1,185,Temu
2025-11-18,SKU-030,5,173,Amazon
2025-11-05,SKU-003,5,241,Shopify
2025-12-15,SKU-002,2,186,eBay
2025-08-31,SKU-052,3,90,Amazon
2026-01-10,SKU-001,3,203,Temu
2026-04-25,SKU-023,3,799,eBay
2026-02-25,SKU-008,2,88,eBay
2025-09-11,SKU-057,3,548,Amazon
2025-06-18,SKU-032,3,99,Shopify
2025-06-18,SKU-024,3,533,Amazon
2026-04-09,SKU-042,4,77,Walmart
2025-09-15,SKU-036,4,119,Walmart
2025-11-29,SKU-013,2,556,Walmart
2025-06-02,SKU-013,2,426,eBay
2025-08-09,SKU-049,4,63,Amazon
2026-01-18,SKU-057,5,481,Shopify
2025-07-29,SKU-034,2,333,Temu
2026-04-06,SKU-006,1,424,Shopify
2026-03-13,SKU-038,1,141,Walmart
2026-01-02,SKU-034,4,272,Shopify
2025-11-05,SKU-011,1,224,Temu
2025-07-27,SKU-023,2,673,Shopify
2026-04-19,SKU-013,1,535,Shopify
2025-12-12,SKU-043,3,37,eBay
2025-08-21,SKU-019,1,159,eBay
2026-03-11,SKU-014,2,501,Amazon
2026-04-01,SKU-012,5,347,Shopify
2025-10-30,SKU-045,3,450,Temu
2025-09-07,SKU-036,5,132,Walmart
2026-05-05,SKU-036,4,114,Walmart
2026-04-19,SKU-010,1,153,Amazon
2026-03-25,SKU-029,3,197,Walmart
2025-06-23,SKU-008,1,128,Amazon
2026-05-04,SKU-024,5,693,eBay
2025-12-06,SKU-013,4,342,eBay
2025-06-11,SKU-039,3,171,Walmart
2025-06-01,SKU-010,4,147,Walmart
2026-02-26,SKU-048,5,262,Amazon
2025-08-14,SKU-026,5,705,Temu
2025-08-26,SKU-003,2,280,Amazon
2026-01-03,SKU-013,3,506,Walmart
2025-05-15,SKU-056,5,140,Shopify
2025-12-28,SKU-017,3,211,Walmart
2025-10-08,SKU-050,5,86,Shopify
2026-04-13,SKU-036,5,124,eBay
2026-02-14,SKU-017,3,231,Temu
2025-07-14,SKU-026,2,492,Temu
2025-07-13,SKU-039,4,185,Walmart
2026-03-03,SKU-037,2,237,Temu
2026-01-08,SKU-044,3,57,Shopify
2025-09-19,SKU-018,2,188,Walmart
2026-03-15,SKU-034,2,239,Temu
2026-02-09,SKU-027,5,70,eBay
2025-07-17,SKU-011,4,221,Amazon
2026-04-16,SKU-057,5,482,Walmart
2025-08-18,SKU-024,4,709,Temu
2025-10-27,SKU-023,5,802,Temu
2025-10-31,SKU-005,2,248,eBay
2026-05-11,SKU-023,2,841,Temu
2026-02-02,SKU-021,1,143,Temu
2026-01-06,SKU-007,4,128,Shopify
2026-05-07,SKU-047,1,320,Amazon
2025-11-06,SKU-029,5,170,Walmart
2025-07-29,SKU-053,2,699,Walmart
2026-03-26,SKU-052,4,80,Temu
2025-07-16,SKU-006,5,426,Walmart
2026-03-06,SKU-005,4,381,eBay
2025-11-07,SKU-032,2,101,Amazon
2025-12-24,SKU-041,2,61,eBay
2025-08-18,SKU-045,3,617,eBay
2025-11-17,SKU-039,4,179,Shopify
2025-07-12,SKU-021,1,124,Walmart
2026-02-23,SKU-046,2,585,Amazon
2025-10-16,SKU-011,3,203,Temu
2025-10-06,SKU-019,4,189,Temu
2025-06-13,SKU-041,5,64,Walmart
2026-01-28,SKU-004,5,354,Temu
2025-09-07,SKU-049,1,63,Walmart
2026-01-14,SKU-046,1,737,eBay
2025-07-18,SKU-018,4,189,Shopify
2026-05-15,SKU-028,5,65,Shopify
2025-09-21,SKU-032,2,105,Amazon
2026-02-13,SKU-031,2,104,Shopify
2025-12-13,SKU-033,5,330,eBay
2025-12-03,SKU-058,1,416,Walmart
2026-03-08,SKU-021,5,164,Walmart
2025-09-30,SKU-006,5,248,Walmart
2026-03-19,SKU-026,4,771,Amazon
2026-03-18,SKU-046,2,591,eBay
2026-01-21,SKU-040,5,143,Temu
2026-05-09,SKU-060,1,144,Shopify
2026-01-31,SKU-048,3,204,Walmart
2025-11-24,SKU-021,5,184,Amazon
2026-02-25,SKU-060,1,142,eBay
2025-06-06,SKU-045,2,424,Walmart
2025-09-15,SKU-009,1,107,Shopify
2025-12-04,SKU-058,3,462,Temu
2025-06-10,SKU-054,1,1124,eBay
2025-07-11,SKU-060,2,104,Amazon
2026-01-21,SKU-005,5,442,Shopify
2025-07-01,SKU-049,3,54,Walmart
2026-01-28,SKU-032,1,114,Shopify
2025-08-29,SKU-042,2,57,Temu
2025-05-23,SKU-060,3,178,eBay
2025-12-15,SKU-038,4,187,Walmart
2025-12-17,SKU-028,3,72,Temu
2026-05-13,SKU-014,4,354,eBay
2025-10-22,SKU-040,4,105,Temu
2025-12-05,SKU-043,5,43,Walmart
2025-10-25,SKU-057,4,487,Amazon
2025-12-07,SKU-038,3,239,Walmart
2025-07-24,SKU-035,5,108,Walmart
2025-10-07,SKU-029,5,127,Shopify
2025-10-30,SKU-006,2,333,Shopify
2025-11-09,SKU-035,1,79,eBay
2025-12-07,SKU-019,4,142,Shopify
2026-02-24,SKU-050,3,83,eBay
2026-02-10,SKU-020,5,172,eBay
2025-06-23,SKU-050,5,53,eBay
2026-01-23,SKU-010,2,132,eBay
2026-02-28,SKU-051,4,111,Amazon
2026-04-10,SKU-059,4,154,eBay
2025-11-23,SKU-047,4,196,Amazon
2025-05-26,SKU-015,1,865,Walmart
2026-03-30,SKU-044,2,51,Temu
2026-01-09,SKU-028,2,107,Shopify
2025-11-19,SKU-014,5,391,Walmart
2026-05-02,SKU-012,3,334,eBay
2025-10-17,SKU-016,4,885,Walmart
2025-05-30,SKU-049,1,64,Shopify
2026-03-28,SKU-027,2,84,Shopify
2025-08-09,SKU-040,1,183,Temu
2026-03-20,SKU-048,4,271,eBay
2025-07-09,SKU-040,4,161,Walmart
2025-12-17,SKU-036,2,80,Walmart
2025-07-12,SKU-006,1,266,Walmart
2025-10-27,SKU-036,1,102,Shopify
2025-05-15,SKU-009,1,131,Temu
2025-10-28,SKU-012,2,308,eBay
2025-06-29,SKU-053,2,792,Walmart
2026-02-06,SKU-012,5,240,Temu
2025-12-28,SKU-022,1,127,Shopify
2025-09-01,SKU-040,1,109,Walmart
2025-07-22,SKU-028,1,79,Walmart
2026-03-14,SKU-022,2,132,eBay
2025-06-22,SKU-054,2,819,Walmart
2025-07-28,SKU-032,4,104,Amazon
2026-01-04,SKU-016,3,771,Amazon
2025-05-31,SKU-030,4,207,eBay
2025-12-10,SKU-026,1,766,eBay
2025-10-10,SKU-048,3,200,eBay
2025-11-05,SKU-055,4,114,Temu
2026-05-11,SKU-030,5,199,Temu
2025-08-21,SKU-022,4,169,eBay
2025-09-21,SKU-024,1,702,Temu
2025-07-29,SKU-052,4,71,Walmart
2026-04-07,SKU-056,3,175,eBay
2025-10-28,SKU-049,1,53,Amazon
2026-03-07,SKU-058,2,526,Shopify
2026-04-12,SKU-017,4,174,Shopify
2026-01-03,SKU-032,5,114,Amazon
2025-09-28,SKU-038,3,214,Walmart
2025-07-28,SKU-052,4,77,eBay
2025-12-23,SKU-051,3,89,Temu
2025-07-30,SKU-040,4,166,eBay
2025-08-12,SKU-046,2,577,Walmart
2026-02-17,SKU-020,4,155,eBay
2025-08-11,SKU-009,2,151,eBay
2025-07-18,SKU-007,4,101,Shopify
2026-02-25,SKU-020,3,218,Amazon
2026-01-12,SKU-033,5,225,Walmart
2025-07-07,SKU-047,1,266,Amazon
2025-05-30,SKU-015,2,829,Shopify
2025-09-21,SKU-037,4,251,Temu
2026-04-20,SKU-005,3,387,Shopify
2025-10-13,SKU-024,3,611,Temu
2025-05-27,SKU-021,5,140,eBay
2026-05-08,SKU-057,4,600,eBay
2026-01-07,SKU-015,5,840,Shopify
2026-02-15,SKU-054,3,1020,Shopify
2025-08-04,SKU-006,4,389,eBay
2025-11-14,SKU-053,5,938,Shopify
2025-07-27,SKU-006,5,443,Temu
2025-07-22,SKU-023,2,644,Temu
2026-01-13,SKU-046,5,475,eBay
2025-10-18,SKU-022,1,185,Walmart
2025-09-24,SKU-038,3,205,eBay
2025-09-08,SKU-009,2,110,Shopify
2026-04-09,SKU-058,3,407,Temu
2025-08-14,SKU-057,2,599,eBay
2025-12-17,SKU-029,1,199,Walmart
2025-06-04,SKU-042,4,63,Walmart
2025-08-31,SKU-001,5,188,Shopify
2025-11-05,SKU-022,3,191,eBay
2026-02-21,SKU-043,3,49,Shopify
2025-11-21,SKU-038,2,243,Temu
2026-02-27,SKU-054,1,768,Walmart
2025-10-27,SKU-019,4,158,Walmart
2025-08-15,SKU-056,2,200,Shopify
2025-08-09,SKU-041,5,74,Temu
2026-04-12,SKU-033,4,236,eBay
2026-02-06,SKU-034,3,316,Temu
2025-05-30,SKU-018,4,238,eBay
2025-09-22,SKU-044,3,56,eBay
2025-08-03,SKU-025,1,773,eBay
2025-09-03,SKU-045,3,747,Temu
2025-12-07,SKU-060,3,123,Temu
2025-06-19,SKU-014,5,418,Temu
2025-09-10,SKU-002,1,158,Temu
2026-01-22,SKU-017,1,174,Amazon
2025-05-19,SKU-029,4,142,Walmart
2025-12-13,SKU-032,4,87,eBay
2025-08-27,SKU-030,2,126,eBay
2025-11-22,SKU-058,5,479,Walmart
2025-07-25,SKU-007,2,77,Shopify
2025-06-28,SKU-004,4,249,Walmart
2025-11-03,SKU-019,3,228,eBay
2026-01-03,SKU-031,5,113,Temu
2025-11-20,SKU-026,5,471,Shopify
2026-05-13,SKU-025,2,764,Amazon
2025-11-29,SKU-056,4,113,Shopify
2025-10-02,SKU-006,5,341,Shopify
2025-12-08,SKU-002,5,170,Walmart
2026-05-04,SKU-003,4,360,Amazon
2026-04-03,SKU-037,3,216,Walmart
2025-09-29,SKU-045,2,536,Walmart
2025-07-19,SKU-003,1,305,Walmart
2026-02-15,SKU-018,4,178,eBay
2025-08-03,SKU-032,4,96,Shopify
2025-12-19,SKU-037,5,153,eBay
2025-07-27,SKU-012,3,228,Temu
2025-07-30,SKU-054,5,850,Shopify
2026-01-09,SKU-037,4,214,eBay
2025-08-30,SKU-036,5,80,Shopify
2026-05-10,SKU-037,3,247,Temu
2026-04-15,SKU-049,1,60,Walmart
2025-07-20,SKU-006,4,392,Walmart
2026-01-20,SKU-044,2,53,Walmart
2026-01-12,SKU-059,1,172,Temu
2026-03-31,SKU-041,4,63,Walmart
2025-12-29,SKU-044,3,41,eBay
2026-05-15,SKU-015,4,918,eBay
2025-07-31,SKU-037,1,150,eBay
2026-02-12,SKU-060,4,142,eBay
2026-01-21,SKU-051,3,88,Walmart
2026-03-03,SKU-027,1,104,eBay
2025-10-02,SKU-006,4,402,eBay
2025-10-27,SKU-017,1,257,Shopify
2025-11-27,SKU-041,2,48,Shopify
2026-03-26,SKU-037,5,142,Walmart
2025-12-13,SKU-012,4,199,eBay
2025-08-18,SKU-021,5,126,eBay
2026-02-16,SKU-044,3,51,Walmart
2026-03-06,SKU-012,3,320,Amazon
2026-02-27,SKU-019,4,155,eBay
2026-04-02,SKU-010,4,105,eBay
2026-04-25,SKU-002,5,176,eBay
2026-01-23,SKU-051,4,110,Amazon
2026-01-28,SKU-051,4,78,Shopify
2025-12-31,SKU-009,4,117,Temu
2025-11-20,SKU-016,1,717,Shopify
2025-09-17,SKU-053,3,888,Shopify
2026-04-05,SKU-007,3,89,Amazon
2026-02-11,SKU-014,1,555,Walmart
2026-03-01,SKU-060,5,167,Walmart
2025-08-24,SKU-012,5,294,Temu
2025-06-01,SKU-045,5,660,Shopify
2026-02-24,SKU-016,4,789,eBay
2025-07-16,SKU-010,5,97,Amazon
2026-03-01,SKU-017,4,245,Shopify
2026-01-18,SKU-045,2,544,Temu
2025-11-09,SKU-060,1,158,Amazon
2026-02-20,SKU-016,4,1159,eBay
2025-07-07,SKU-031,1,83,Temu
2025-06-02,SKU-026,4,570,eBay
2025-06-22,SKU-054,5,1050,eBay
2025-11-12,SKU-016,5,1212,Shopify
2026-04-05,SKU-054,3,664,eBay
2025-11-13,SKU-055,5,149,Shopify
2026-04-26,SKU-015,4,1057,Walmart
2026-05-12,SKU-039,2,173,eBay
2025-09-24,SKU-053,4,1123,Amazon
2025-05-23,SKU-034,5,361,Amazon
2026-01-03,SKU-015,2,831,Amazon
2025-10-01,SKU-018,3,279,Walmart
2025-07-28,SKU-008,5,105,Shopify
2025-10-25,SKU-056,3,165,Walmart
2026-03-16,SKU-001,4,233,Walmart
2025-05-31,SKU-020,5,257,Temu
2025-06-04,SKU-031,4,81,eBay
2025-09-30,SKU-003,3,276,Walmart
2025-11-04,SKU-060,2,121,Amazon
2025-09-14,SKU-015,1,806,Walmart
2025-08-31,SKU-054,1,732,Walmart
2025-10-08,SKU-006,2,256,Shopify
2025-09-26,SKU-048,4,258,Walmart
2025-08-02,SKU-058,1,612,Temu
2025-06-24,SKU-059,5,126,Walmart
2026-01-26,SKU-052,1,100,Shopify
2025-10-23,SKU-039,5,193,Temu
2026-04-22,SKU-025,2,678,Shopify
2026-02-08,SKU-055,4,134,eBay
2025-10-17,SKU-059,2,150,Temu
2025-11-04,SKU-053,5,869,Temu
2026-04-19,SKU-023,1,516,Shopify
2025-10-28,SKU-034,4,365,eBay
2026-04-14,SKU-025,1,526,Temu
2025-10-20,SKU-013,1,438,Temu
2025-11-19,SKU-017,2,166,Temu
2025-10-18,SKU-041,2,50,eBay
2025-07-26,SKU-040,1,124,Shopify
2025-09-27,SKU-017,2,188,Temu
2025-06-01,SKU-039,5,150,Amazon
2026-03-09,SKU-035,5,97,Temu
2025-11-25,SKU-005,2,330,Temu
2025-08-16,SKU-008,2,110,Shopify
2026-02-18,SKU-055,1,184,Shopify
2025-08-04,SKU-060,2,108,Amazon
2026-01-14,SKU-013,3,389,Shopify
2025-10-05,SKU-046,2,723,Temu
2025-12-16,SKU-016,4,935,Walmart
2025-12-14,SKU-009,5,100,Temu
2025-08-14,SKU-029,1,222,Walmart
2025-12-29,SKU-023,4,557,Temu
2025-08-08,SKU-035,1,79,Amazon
2025-08-25,SKU-025,1,670,Walmart
2026-02-22,SKU-050,3,85,Walmart
2026-01-31,SKU-028,5,89,eBay
2025-08-19,SKU-041,2,51,eBay
2025-10-22,SKU-035,4,85,Amazon
2025-07-26,SKU-035,3,133,Walmart
2025-06-20,SKU-016,4,809,Amazon
2025-11-22,SKU-006,4,403,Shopify
2025-09-18,SKU-024,2,537,Amazon
2026-04-02,SKU-011,3,203,eBay
2025-10-01,SKU-014,5,361,Shopify
2025-07-12,SKU-013,2,365,eBay
2026-02-07,SKU-042,3,53,Temu
2025-08-03,SKU-036,5,138,eBay
2025-11-06,SKU-045,4,630,Temu
2026-02-14,SKU-016,1,781,Amazon
2025-12-08,SKU-028,1,79,Amazon
2025-12-22,SKU-010,5,116,Walmart
2026-03-29,SKU-018,1,233,eBay
2025-09-03,SKU-019,2,195,Walmart
2025-10-24,SKU-005,5,262,Temu
2026-03-26,SKU-026,3,688,Temu
2025-11-15,SKU-060,5,149,Temu
2025-07-05,SKU-010,3,99,Temu
2025-09-16,SKU-032,4,94,Temu
2025-11-21,SKU-037,2,204,Amazon
2025-06-30,SKU-045,4,696,Shopify
2026-05-08,SKU-047,2,290,Temu
2026-04-01,SKU-003,3,217,eBay
2025-05-26,SKU-030,4,145,Walmart
2025-10-30,SKU-003,1,331,Temu
2025-06-30,SKU-056,1,159,Walmart
2025-12-22,SKU-024,4,730,Amazon
2025-06-03,SKU-011,5,196,Temu
2025-09-26,SKU-005,5,286,eBay
2025-09-05,SKU-011,3,196,Temu
2025-05-22,SKU-022,5,162,Shopify
2026-02-04,SKU-039,5,116,eBay
2026-03-29,SKU-054,2,907,Temu
2025-10-04,SKU-044,3,55,Shopify
2025-07-01,SKU-051,3,110,Walmart
2026-02-01,SKU-016,1,879,eBay
2026-03-11,SKU-060,3,140,Temu
2026-04-23,SKU-007,3,102,eBay
2025-10-01,SKU-013,3,507,Temu
2025-08-13,SKU-007,1,109,Shopify
2026-01-29,SKU-011,5,306,eBay
2026-04-26,SKU-045,4,672,eBay
2026-02-12,SKU-031,5,75,Temu
2026-04-30,SKU-034,4,286,Amazon
2026-04-15,SKU-012,3,281,Walmart
2025-05-27,SKU-041,1,49,Amazon
2025-09-01,SKU-038,5,204,Temu
2026-01-17,SKU-049,5,61,Temu
2026-03-08,SKU-048,4,252,Temu
2025-12-25,SKU-008,1,112,Amazon
2025-10-09,SKU-024,1,536,Walmart
2026-04-19,SKU-059,5,111,Walmart
2025-08-30,SKU-060,5,108,Amazon
2025-12-29,SKU-030,3,180,Shopify
2025-10-15,SKU-032,1,105,Temu
2025-11-10,SKU-033,4,219,Walmart
2026-02-05,SKU-051,3,102,Amazon
2025-12-18,SKU-042,1,47,Temu
2026-01-07,SKU-054,2,814,Shopify
2025-11-20,SKU-051,1,68,Amazon
2025-06-24,SKU-020,4,238,Amazon
2026-02-03,SKU-028,2,95,Shopify
2026-04-05,SKU-002,3,183,Walmart
2025-07-25,SKU-004,2,287,eBay
2025-11-27,SKU-018,2,226,Shopify
2025-06-03,SKU-025,1,728,Shopify
2025-09-16,SKU-057,5,545,Amazon
2025-11-18,SKU-038,2,207,Walmart
2025-07-15,SKU-021,5,137,Walmart
2025-09-17,SKU-026,5,682,eBay
2025-11-20,SKU-034,3,359,Temu
2025-12-26,SKU-011,3,248,eBay
2025-05-31,SKU-056,5,131,Shopify
2026-03-28,SKU-014,5,331,Amazon
2025-07-13,SKU-055,3,158,Temu
2026-01-09,SKU-011,5,308,Temu
2026-02-02,SKU-028,4,109,Temu
2025-06-19,SKU-007,3,111,Walmart
2025-11-18,SKU-003,5,346,eBay
2026-04-26,SKU-033,4,235,Shopify
2025-12-22,SKU-033,2,268,eBay
2025-11-16,SKU-060,1,164,Amazon
2026-04-07,SKU-014,2,348,Walmart
2026-01-11,SKU-060,2,117,Walmart
2025-11-09,SKU-031,3,70,eBay
2025-08-19,SKU-026,2,652,Shopify
2025-10-16,SKU-020,2,177,Walmart
2025-09-08,SKU-024,3,504,Amazon
2025-09-10,SKU-055,3,117,Amazon
2025-08-14,SKU-032,2,106,Amazon
2025-09-27,SKU-026,5,697,Walmart
2025-08-29,SKU-052,4,93,Temu
2025-05-19,SKU-006,4,407,Walmart
2025-11-23,SKU-041,1,47,Walmart
2025-08-28,SKU-018,3,233,eBay
2025-10-30,SKU-026,4,488,eBay
2025-10-30,SKU-012,5,229,Shopify
2025-12-21,SKU-022,3,177,Shopify
2025-12-08,SKU-031,2,64,Shopify
2025-10-02,SKU-052,5,68,eBay
2025-09-14,SKU-019,3,218,Shopify
2026-05-03,SKU-006,1,292,Walmart
2025-07-27,SKU-008,3,118,Amazon
2026-05-15,SKU-028,5,87,Shopify
2026-01-04,SKU-035,1,106,Walmart
2026-02-15,SKU-051,4,69,Walmart
2025-10-24,SKU-005,4,308,Amazon
2026-05-11,SKU-006,4,302,Walmart
2025-06-21,SKU-003,3,351,Amazon
2025-08-25,SKU-051,3,84,Amazon
2025-12-25,SKU-007,2,117,Shopify
2025-12-28,SKU-051,2,105,eBay
2026-04-24,SKU-024,3,490,eBay
2026-02-13,SKU-039,5,139,Shopify
2025-06-15,SKU-010,2,92,Shopify
2026-04-18,SKU-046,4,461,Temu
2025-06-21,SKU-042,2,42,Temu
2025-06-16,SKU-008,3,109,Shopify
2025-08-05,SKU-009,5,115,Walmart
2026-03-25,SKU-002,3,198,Amazon
2025-05-15,SKU-021,5,116,eBay
2025-09-07,SKU-030,4,221,eBay
2025-07-06,SKU-026,4,506,Shopify
2026-04-30,SKU-041,1,47,Shopify
2025-06-06,SKU-030,4,157,Amazon
2025-08-17,SKU-046,2,759,Amazon
2026-04-25,SKU-039,1,178,Amazon
2026-03-02,SKU-020,2,215,eBay
2025-12-07,SKU-054,4,1167,Amazon
2026-03-29,SKU-023,3,784,Amazon
2025-08-24,SKU-054,2,973,Shopify
2026-01-11,SKU-055,5,138,Temu
2026-03-20,SKU-042,4,53,Temu
2025-07-21,SKU-017,3,192,eBay
2026-02-19,SKU-023,2,681,Shopify
2026-02-21,SKU-025,4,450,Walmart
2026-01-19,SKU-048,2,280,eBay
2026-02-15,SKU-024,2,537,Amazon
2025-12-29,SKU-044,5,61,Shopify
2025-12-15,SKU-005,1,280,Walmart
2025-07-10,SKU-053,1,829,Shopify
2025-06-24,SKU-017,2,274,Shopify
2026-05-15,SKU-044,3,37,Shopify
2025-06-27,SKU-010,5,101,Shopify
2025-11-20,SKU-051,5,82,Shopify
2025-10-25,SKU-047,5,283,eBay
2025-12-19,SKU-051,4,101,Shopify
2025-06-08,SKU-003,2,321,Amazon
2025-08-04,SKU-060,1,140,Temu
2025-09-07,SKU-021,2,138,Amazon
2026-01-09,SKU-014,5,473,Temu
2025-06-16,SKU-020,3,209,Walmart
2025-09-12,SKU-004,4,348,Shopify
2026-04-11,SKU-057,1,622,Amazon
2025-06-18,SKU-016,5,1280,Shopify
2025-12-26,SKU-053,5,868,eBay
2025-09-04,SKU-020,1,240,Walmart
2025-12-27,SKU-014,4,321,Shopify
2026-04-03,SKU-003,5,350,eBay
2026-05-06,SKU-058,1,397,Shopify
2025-08-22,SKU-026,4,461,Amazon
2025-09-13,SKU-001,3,235,eBay
2025-11-01,SKU-017,5,277,Temu
2025-10-17,SKU-053,2,1095,Amazon
2026-04-05,SKU-027,2,73,Amazon
2026-01-15,SKU-031,4,89,Shopify
2025-10-19,SKU-037,4,179,Shopify
2026-01-29,SKU-004,2,361,Shopify
2026-03-12,SKU-047,5,319,eBay
2025-10-04,SKU-038,2,191,Amazon
2026-02-10,SKU-025,2,442,Amazon
2025-08-06,SKU-013,2,460,Temu
2025-10-06,SKU-035,5,80,Temu
2025-07-01,SKU-039,1,184,Temu
2025-08-09,SKU-015,4,1228,Walmart
2025-07-20,SKU-056,5,192,Shopify
2025-11-08,SKU-011,1,191,eBay
2026-03-18,SKU-021,1,168,Amazon
2026-03-03,SKU-001,3,229,Shopify
2025-12-08,SKU-021,1,140,Temu
2026-04-05,SKU-007,2,112,eBay
2025-05-23,SKU-034,1,233,Walmart
2025-05-15,SKU-023,4,895,Walmart
2026-03-12,SKU-011,2,306,eBay
2025-06-11,SKU-013,4,377,Amazon
2025-12-22,SKU-058,4,414,Shopify
2025-10-12,SKU-010,5,102,eBay
2025-08-04,SKU-023,3,704,Walmart
2025-11-07,SKU-031,3,86,eBay
2025-11-04,SKU-045,5,425,eBay
2025-12-03,SKU-050,2,88,Amazon
2025-09-19,SKU-020,4,179,eBay
2025-05-16,SKU-039,1,186,eBay
2025-10-27,SKU-060,2,140,eBay
2025-07-03,SKU-036,1,125,Amazon
2026-03-02,SKU-007,1,71,eBay
2025-06-16,SKU-015,5,1102,Temu
2026-04-07,SKU-022,1,145,Walmart
2026-02-27,SKU-018,2,297,Walmart
2025-11-15,SKU-006,1,441,Temu
2026-05-02,SKU-023,3,726,Walmart
2025-09-15,SKU-007,5,102,Shopify
2025-06-12,SKU-026,2,449,Shopify
2026-02-17,SKU-010,4,110,Shopify
2025-11-19,SKU-050,1,66,Temu
2025-09-22,SKU-010,1,130,Shopify
2025-05-25,SKU-028,1,78,Walmart
2025-11-21,SKU-029,3,172,Amazon
2025-07-09,SKU-055,3,186,Temu
2025-07-30,SKU-043,5,42,Walmart
2025-10-04,SKU-011,3,331,Temu
2026-02-04,SKU-009,2,124,Amazon
2025-10-01,SKU-004,5,209,Temu
2026-03-24,SKU-047,1,223,eBay
2025-06-28,SKU-045,1,502,Shopify
2026-02-13,SKU-043,4,42,Shopify
2025-12-25,SKU-047,1,291,eBay
2026-01-14,SKU-030,3,143,Amazon
2025-08-19,SKU-017,2,235,Walmart
2026-02-11,SKU-002,4,178,Temu
2025-12-22,SKU-004,1,291,Shopify
2025-10-02,SKU-045,5,495,Amazon
2026-04-24,SKU-032,3,109,Temu
2025-07-26,SKU-003,1,389,eBay
2025-06-20,SKU-050,5,61,eBay
2026-04-17,SKU-028,3,98,Temu
2025-05-26,SKU-036,1,113,Shopify
2025-10-11,SKU-037,3,243,eBay
2025-06-10,SKU-037,2,142,Amazon
2025-09-28,SKU-017,5,245,Shopify
2025-08-29,SKU-027,5,66,eBay
2025-06-26,SKU-031,3,79,Shopify
2025-11-01,SKU-054,3,1120,eBay
2025-11-11,SKU-017,5,268,Shopify
2026-03-22,SKU-018,3,180,Temu
2025-10-26,SKU-037,2,212,eBay
2025-08-10,SKU-014,2,430,Shopify
2025-08-13,SKU-005,2,249,Temu
2026-01-09,SKU-026,1,648,eBay
2025-08-15,SKU-028,1,106,eBay
2026-02-21,SKU-018,3,202,eBay
2025-12-18,SKU-006,5,305,Shopify
2025-07-18,SKU-036,1,112,Walmart
2025-12-14,SKU-008,1,114,Shopify
2026-02-05,SKU-050,3,82,Shopify
2025-11-06,SKU-045,2,473,Amazon
2026-02-08,SKU-025,3,709,Temu
2025-11-24,SKU-027,2,110,Walmart
2026-01-14,SKU-005,5,247,Shopify
2026-03-29,SKU-042,5,63,Temu
2025-09-22,SKU-032,2,87,eBay
2026-01-18,SKU-036,5,116,Walmart
2025-05-27,SKU-024,2,728,Walmart
2026-05-05,SKU-030,2,210,Temu
2025-10-08,SKU-002,4,163,Temu
2025-07-10,SKU-007,1,87,Temu
2025-09-08,SKU-047,4,263,eBay
2025-09-24,SKU-022,1,191,Amazon
2025-05-23,SKU-058,1,598,Shopify
2025-05-18,SKU-045,3,716,Temu
2025-10-14,SKU-003,5,306,Walmart
2025-08-04,SKU-054,3,997,Amazon
2025-06-22,SKU-008,5,79,eBay
2025-10-24,SKU-031,4,68,Temu
2025-08-19,SKU-046,3,631,Shopify
2025-08-23,SKU-040,2,127,Walmart
2026-01-02,SKU-029,4,129,Amazon
2025-09-02,SKU-030,4,184,Amazon
2025-07-27,SKU-041,4,48,Shopify
2025-12-22,SKU-019,4,234,Walmart
2025-11-10,SKU-033,3,214,Walmart
2025-09-11,SKU-032,1,70,Shopify
2025-11-04,SKU-005,3,399,Temu
2026-05-09,SKU-057,1,645,Walmart
2025-06-19,SKU-011,4,340,Walmart
2025-09-20,SKU-016,4,750,Shopify
2025-10-18,SKU-048,4,253,Temu
2025-10-16,SKU-019,2,228,Temu
2026-04-07,SKU-017,4,208,Amazon
2025-10-23,SKU-035,3,140,Walmart
2025-06-28,SKU-047,4,223,Amazon
2025-10-12,SKU-032,1,88,Shopify
2026-04-01,SKU-028,5,97,Shopify
2025-10-30,SKU-001,2,208,Temu
2026-01-26,SKU-026,5,760,eBay
2026-03-29,SKU-024,5,871,eBay
2025-08-20,SKU-018,4,194,Amazon
2026-02-07,SKU-044,4,59,Amazon
2026-03-31,SKU-004,2,307,Amazon
2025-11-30,SKU-049,4,58,eBay
2026-04-24,SKU-050,4,65,Temu
2025-10-22,SKU-052,4,107,Amazon
2026-01-01,SKU-008,5,124,Temu
2025-11-25,SKU-056,2,197,Temu
2025-11-02,SKU-005,1,328,Shopify
2025-06-14,SKU-046,5,708,Walmart
2026-03-09,SKU-010,3,148,Walmart
2025-07-31,SKU-011,4,207,eBay
2026-05-15,SKU-039,2,138,Walmart
2025-07-27,SKU-013,2,387,Shopify
2025-08-29,SKU-030,4,177,Amazon
2025-10-25,SKU-001,4,192,Amazon
2026-03-24,SKU-050,2,69,Temu
2026-02-24,SKU-015,1,786,Amazon
2026-02-15,SKU-025,2,554,eBay
2026-03-14,SKU-019,3,193,Temu
2025-11-01,SKU-027,4,116,Walmart
2025-08-12,SKU-053,2,934,Amazon
2025-09-10,SKU-047,4,245,Temu
2025-08-29,SKU-043,2,52,Shopify
2026-04-04,SKU-030,1,126,Walmart
2025-06-29,SKU-045,4,598,Temu
2025-12-26,SKU-043,1,37,Shopify
2025-10-15,SKU-016,1,829,Shopify
2026-04-08,SKU-057,4,523,Walmart
2025-06-15,SKU-025,2,522,Walmart
2026-03-11,SKU-003,2,270,Temu
2026-02-20,SKU-022,5,136,Shopify
2025-11-29,SKU-025,4,506,Shopify
2026-02-08,SKU-009,5,138,Walmart
2026-01-09,SKU-044,3,51,Amazon
2025-11-10,SKU-037,4,167,Amazon
2025-09-20,SKU-011,5,195,Amazon
2025-07-25,SKU-047,2,314,Walmart
2025-10-17,SKU-001,2,180,eBay
2026-03-26,SKU-039,3,154,Amazon
2026-04-08,SKU-009,2,130,Amazon
2025-11-18,SKU-020,1,251,Walmart
2025-06-19,SKU-045,1,749,Amazon
2025-07-17,SKU-058,5,560,Temu
2026-04-24,SKU-005,5,451,Shopify
2026-03-30,SKU-020,3,221,Walmart
2025-10-15,SKU-027,5,84,Shopify
2025-12-24,SKU-035,2,99,Temu
2025-07-17,SKU-047,3,184,Shopify
2025-07-10,SKU-057,4,552,Shopify
2025-11-17,SKU-056,5,178,Shopify
2025-05-27,SKU-032,5,83,Walmart
2025-05-24,SKU-049,4,88,Walmart
2026-03-02,SKU-015,2,1138,Walmart
2025-12-10,SKU-032,4,93,Amazon
2025-06-05,SKU-025,2,618,eBay
2025-09-04,SKU-009,4,123,Shopify
2026-02-16,SKU-008,2,78,Temu
2025-06-16,SKU-009,1,127,Walmart
2025-11-04,SKU-006,5,430,Shopify
2025-07-05,SKU-005,5,436,eBay
2026-03-28,SKU-019,5,221,Walmart
2026-03-10,SKU-014,2,515,Amazon
2025-12-27,SKU-019,4,255,Amazon
2026-02-08,SKU-048,3,193,Shopify
2025-05-28,SKU-034,3,364,eBay
2025-06-12,SKU-018,2,221,Walmart
2026-02-17,SKU-020,2,187,Amazon
2025-08-25,SKU-005,4,269,Shopify
2025-11-17,SKU-021,2,178,Temu
2025-11-14,SKU-011,3,204,eBay
2026-01-23,SKU-037,5,254,Walmart
2026-01-18,SKU-009,1,88,eBay
2025-09-01,SKU-002,5,180,Walmart
2026-04-27,SKU-029,4,206,Shopify
2026-04-23,SKU-031,3,79,Temu
2025-09-18,SKU-013,4,499,Temu
2026-03-03,SKU-024,4,616,Walmart
2025-07-11,SKU-031,1,76,Walmart
2025-10-12,SKU-053,4,935,Shopify
2025-07-03,SKU-033,5,356,eBay
2026-05-04,SKU-032,5,70,Walmart
2026-04-19,SKU-007,1,111,Temu
2026-02-08,SKU-003,4,375,Temu
2025-12-26,SKU-045,4,672,Temu
2026-05-04,SKU-007,4,73,Amazon
2026-05-13,SKU-006,1,364,Temu
2025-08-17,SKU-053,2,967,eBay
2025-10-03,SKU-053,5,698,Shopify
2026-02-04,SKU-003,1,290,Amazon
2025-06-20,SKU-007,3,118,Shopify
2026-05-11,SKU-015,1,1079,Walmart
2025-12-16,SKU-025,1,771,Walmart
2025-12-23,SKU-044,5,47,eBay
2025-06-13,SKU-021,1,162,eBay
2025-08-29,SKU-030,1,155,Walmart
2025-05-30,SKU-019,1,203,Amazon
2025-09-23,SKU-021,3,105,Walmart
2026-04-11,SKU-045,3,585,eBay
2025-09-14,SKU-035,4,99,Shopify
2026-04-28,SKU-008,1,112,Walmart
2026-02-16,SKU-024,4,574,Walmart
2025-11-02,SKU-036,3,128,Amazon
2025-10-09,SKU-027,1,83,Walmart
2025-10-13,SKU-022,5,127,Amazon
2025-06-26,SKU-006,2,294,Amazon
2026-04-20,SKU-003,4,271,Shopify
2025-06-27,SKU-050,5,81,Amazon
2025-07-21,SKU-022,5,137,eBay
2026-01-20,SKU-033,3,292,Temu
2026-02-25,SKU-058,3,461,Amazon
2025-12-17,SKU-002,1,226,Shopify
2026-03-18,SKU-030,5,213,Walmart
2025-11-19,SKU-019,3,244,Temu
2025-08-28,SKU-020,4,199,eBay
2026-01-31,SKU-005,3,420,Walmart
2025-06-03,SKU-032,2,70,Shopify
2026-01-05,SKU-013,2,417,eBay
2026-02-03,SKU-057,1,485,eBay
2025-08-07,SKU-005,2,262,Walmart
2025-10-17,SKU-030,3,149,eBay
2025-08-17,SKU-021,5,154,Walmart
2026-05-01,SKU-053,3,630,eBay
2025-05-25,SKU-033,3,302,Amazon
2025-06-27,SKU-053,3,1020,Temu
2026-04-29,SKU-022,4,121,Shopify
2026-05-05,SKU-004,2,355,Amazon
2025-06-27,SKU-008,3,113,Shopify
2026-02-21,SKU-035,2,118,Walmart
2026-02-26,SKU-041,5,76,Walmart
2026-02-22,SKU-002,3,256,eBay
2025-10-21,SKU-042,5,55,Amazon
2025-08-10,SKU-034,4,289,Amazon
2025-05-25,SKU-014,4,439,Amazon
2025-08-22,SKU-037,5,170,Shopify
2026-02-20,SKU-051,2,72,Walmart
2025-12-27,SKU-009,5,91,Amazon
2025-08-30,SKU-040,1,116,Amazon
2025-10-05,SKU-022,4,142,eBay
2026-03-26,SKU-058,4,388,eBay
2025-11-09,SKU-014,5,515,eBay
2026-04-06,SKU-030,3,222,eBay
2026-02-06,SKU-012,3,222,Amazon
2026-04-07,SKU-028,2,92,Shopify
2025-12-12,SKU-058,4,456,Shopify
2026-05-12,SKU-018,3,202,Temu
2026-02-22,SKU-028,3,97,eBay
2026-02-15,SKU-046,1,676,eBay
2025-09-15,SKU-026,5,494,Walmart
2025-10-15,SKU-044,4,59,Amazon
2025-08-08,SKU-047,2,304,eBay
2025-10-05,SKU-053,1,661,Temu
2025-09-03,SKU-060,4,179,Temu
2025-08-16,SKU-030,5,141,Amazon
2025-10-26,SKU-033,4,263,Temu
2026-03-24,SKU-029,2,216,Temu
2026-04-09,SKU-038,2,196,Shopify
2025-05-24,SKU-039,1,192,eBay
2026-03-28,SKU-060,1,174,Temu
2025-07-09,SKU-006,4,327,Shopify
2025-12-16,SKU-054,2,984,Temu
2025-11-28,SKU-040,4,190,Amazon
2025-10-04,SKU-058,5,452,Shopify
2025-10-18,SKU-052,3,110,Walmart
2026-01-18,SKU-059,2,125,Temu
2025-05-29,SKU-004,5,277,eBay
2025-05-16,SKU-029,2,184,Temu
2025-08-04,SKU-007,4,109,Walmart
2026-04-11,SKU-060,2,164,eBay
2025-09-21,SKU-002,2,163,Amazon
2026-01-10,SKU-058,5,450,Walmart
2026-02-01,SKU-045,2,518,Amazon
2025-06-14,SKU-036,2,78,Amazon
2026-02-10,SKU-014,5,384,Amazon
2025-08-10,SKU-033,2,246,Amazon
2026-05-08,SKU-039,5,166,Temu
2025-10-19,SKU-029,5,140,eBay
2025-10-14,SKU-010,5,119,Amazon
2026-05-04,SKU-010,4,110,Shopify
2025-09-09,SKU-057,3,396,Shopify
2026-01-14,SKU-001,3,215,Walmart
2025-05-22,SKU-016,2,803,Walmart
2026-04-12,SKU-011,4,193,eBay
2025-06-24,SKU-051,5,95,Walmart
2025-08-19,SKU-011,5,228,Temu
2025-07-23,SKU-024,3,493,eBay
2025-12-20,SKU-059,4,143,Temu
2025-06-30,SKU-050,4,52,Temu
2025-12-12,SKU-054,5,729,Walmart
2026-05-05,SKU-051,3,106,Shopify
2025-09-19,SKU-008,5,80,Temu
2025-09-24,SKU-024,3,877,eBay
2025-12-11,SKU-053,4,1097,Shopify
2026-05-07,SKU-056,2,129,Shopify
2025-12-06,SKU-009,5,111,eBay
2026-02-02,SKU-059,2,138,Shopify
2025-07-29,SKU-021,4,137,Amazon
2025-10-16,SKU-022,3,116,Amazon
2025-11-23,SKU-007,4,121,Amazon
2025-05-26,SKU-049,1,83,Walmart
2026-04-08,SKU-004,5,322,Walmart
2025-06-20,SKU-034,1,295,eBay
2026-01-22,SKU-035,5,112,Amazon
2025-07-30,SKU-017,3,282,Shopify
2025-08-13,SKU-004,1,386,Shopify
2026-02-06,SKU-013,2,465,Shopify
2026-02-10,SKU-044,3,35,eBay
2025-09-07,SKU-001,2,199,Shopify
2025-08-27,SKU-027,3,73,Temu
2025-10-12,SKU-050,2,54,Shopify
2026-03-23,SKU-030,4,206,Temu
2025-12-03,SKU-054,4,706,eBay
2025-09-12,SKU-021,3,139,Shopify
2025-09-10,SKU-033,4,271,eBay
2025-11-17,SKU-004,4,347,eBay
2025-10-13,SKU-021,2,143,Amazon
2025-11-03,SKU-024,2,785,Amazon
2026-01-23,SKU-005,3,426,Walmart
2026-02-06,SKU-032,2,102,Amazon
2026-05-09,SKU-034,5,265,Temu
2025-12-10,SKU-002,1,244,Temu
2026-01-04,SKU-044,1,50,Amazon
2026-03-07,SKU-024,1,612,Temu
2025-11-13,SKU-009,5,121,Walmart
2025-11-06,SKU-023,2,598,Temu
2025-10-24,SKU-032,5,97,Shopify
2025-11-24,SKU-033,1,214,Shopify
2025-12-27,SKU-015,4,842,Walmart
2026-02-04,SKU-020,4,251,Temu
2025-10-17,SKU-027,3,115,Shopify
2026-01-13,SKU-055,4,138,Shopify
2025-11-25,SKU-057,3,566,Temu
2025-06-06,SKU-009,2,102,Walmart
2025-12-09,SKU-022,3,110,Walmart
2025-11-28,SKU-011,1,296,Walmart
2025-05-30,SKU-051,4,80,eBay
2025-08-06,SKU-046,1,493,Shopify
2025-12-30,SKU-013,4,517,Temu
2025-08-19,SKU-060,2,180,Amazon
2026-05-05,SKU-034,1,296,eBay
2026-04-07,SKU-036,4,109,Shopify
2026-04-08,SKU-058,4,570,eBay
2025-09-13,SKU-047,1,262,Temu
2026-04-06,SKU-060,1,166,Temu
2025-09-02,SKU-051,2,111,Shopify
2026-04-12,SKU-045,4,745,Temu
2025-05-31,SKU-017,2,283,eBay
2025-06-26,SKU-041,4,43,Shopify
2026-02-14,SKU-015,4,1024,Temu
2026-01-19,SKU-013,3,564,eBay
2025-07-18,SKU-051,1,90,Walmart
2026-03-24,SKU-055,5,163,Temu
2026-01-06,SKU-042,5,46,Temu
2026-04-08,SKU-028,1,107,eBay
2025-08-03,SKU-018,2,202,Temu
2026-01-03,SKU-003,1,224,eBay
2025-07-04,SKU-051,4,63,Temu
2025-09-05,SKU-004,5,335,Shopify
2025-08-16,SKU-041,1,74,eBay
2025-10-17,SKU-034,5,346,Shopify
2025-11-28,SKU-021,2,119,eBay
2026-02-05,SKU-056,3,126,Shopify
2025-09-11,SKU-032,4,98,Temu
2026-01-30,SKU-001,2,176,Walmart
2025-07-19,SKU-055,5,187,Walmart
2025-07-17,SKU-001,5,184,Walmart
2026-02-12,SKU-018,5,167,Shopify
2026-05-07,SKU-043,5,58,Temu
2026-03-06,SKU-030,2,232,Amazon
2025-11-18,SKU-056,1,163,Walmart
2025-05-28,SKU-005,2,391,Shopify
2026-02-11,SKU-009,3,143,Temu
2025-12-02,SKU-005,5,426,Shopify
2026-03-06,SKU-033,1,334,eBay
2025-08-11,SKU-053,5,1018,Walmart
2025-08-06,SKU-034,1,257,Temu
2026-03-17,SKU-053,4,925,Amazon
2025-05-28,SKU-027,5,110,Temu
2025-11-17,SKU-019,5,158,eBay
2026-01-23,SKU-015,5,1057,Shopify
2026-03-01,SKU-031,3,92,Shopify
2025-06-06,SKU-042,2,44,Walmart
2025-12-11,SKU-004,5,389,Walmart
2025-08-30,SKU-034,3,297,eBay
2026-03-31,SKU-059,3,177,eBay
2025-09-05,SKU-050,1,90,Walmart
2026-01-03,SKU-036,5,88,Amazon
2026-02-08,SKU-032,4,68,Amazon
2025-08-18,SKU-018,5,232,Shopify
2026-04-13,SKU-010,2,102,Temu
2025-08-19,SKU-026,4,612,Walmart
2025-10-16,SKU-046,3,572,Amazon
2026-03-19,SKU-012,5,327,Temu
2025-08-01,SKU-005,3,291,Temu
2025-09-27,SKU-004,1,308,Temu
2026-04-17,SKU-050,4,78,Temu
2026-05-15,SKU-020,5,237,eBay
2025-07-09,SKU-026,3,518,Walmart
2025-11-07,SKU-045,3,595,Temu
2026-01-23,SKU-037,5,212,Shopify
2025-08-13,SKU-005,3,265,Shopify
2025-12-25,SKU-024,5,872,Walmart
2026-01-20,SKU-044,2,52,eBay
2026-02-13,SKU-009,3,120,Temu
2026-02-23,SKU-002,4,187,Temu
2025-09-18,SKU-005,1,379,Walmart
2025-07-04,SKU-040,4,133,Amazon
2026-04-25,SKU-053,4,689,Shopify
2025-09-09,SKU-058,3,646,Amazon
2026-02-24,SKU-040,3,162,Temu
2026-01-15,SKU-058,3,566,eBay
2026-01-12,SKU-031,1,65,Shopify
2026-01-14,SKU-023,5,707,eBay
2026-04-23,SKU-043,3,54,Amazon
2025-12-09,SKU-049,2,53,Temu
2025-12-16,SKU-040,2,135,Walmart
2025-12-24,SKU-016,2,1067,Walmart
2026-01-10,SKU-012,4,260,Walmart
2026-04-05,SKU-007,3,77,eBay
2025-12-23,SKU-031,5,87,eBay
2026-04-23,SKU-037,1,233,eBay
2025-12-28,SKU-040,2,110,Amazon
2025-10-25,SKU-015,2,1125,Walmart
2026-01-08,SKU-001,1,219,Shopify
2025-10-31,SKU-016,2,841,eBay
2026-04-14,SKU-045,1,681,Temu
2026-01-11,SKU-034,1,270,Amazon
2025-05-26,SKU-059,5,130,Shopify
2026-02-13,SKU-047,1,301,eBay
2026-02-01,SKU-031,4,75,Shopify
2025-10-10,SKU-043,5,62,eBay
2025-06-15,SKU-038,3,199,Walmart
2025-06-02,SKU-054,4,941,Shopify
2025-08-03,SKU-012,5,283,eBay
2025-06-22,SKU-004,5,322,Shopify
2026-05-03,SKU-043,1,47,eBay
2026-01-03,SKU-038,2,203,eBay
2026-05-13,SKU-036,5,138,Shopify
2026-03-05,SKU-033,3,243,Temu
2026-03-13,SKU-020,1,191,Shopify
2025-11-18,SKU-058,5,373,Walmart
2025-08-06,SKU-054,5,747,Amazon
2025-06-04,SKU-020,5,165,Temu
2025-12-02,SKU-055,2,138,Temu
2025-06-08,SKU-034,2,317,Shopify
2025-09-18,SKU-006,5,270,eBay
2025-12-26,SKU-050,2,54,Temu
2025-11-05,SKU-024,3,711,eBay
2025-05-30,SKU-035,1,109,eBay
2025-08-24,SKU-023,5,707,Shopify
2025-07-05,SKU-036,3,138,Walmart
2025-10-07,SKU-048,3,222,Amazon
2025-11-14,SKU-012,3,199,Amazon
2025-08-06,SKU-048,4,267,Temu
2025-06-01,SKU-011,3,268,Shopify
2025-12-17,SKU-013,2,343,eBay
2025-09-17,SKU-032,4,115,Shopify
2026-05-13,SKU-021,2,118,Amazon
2025-05-20,SKU-006,2,369,Temu
2025-08-06,SKU-028,5,92,Amazon
2025-09-02,SKU-010,3,87,Temu
2026-01-21,SKU-038,2,217,Walmart
2025-09-12,SKU-007,4,112,eBay
2025-12-30,SKU-033,1,358,eBay
2025-10-29,SKU-014,5,381,Temu
2025-12-09,SKU-007,4,119,Temu
2025-11-03,SKU-027,4,73,Walmart
2025-10-15,SKU-034,4,270,Temu
2025-10-29,SKU-025,3,561,Temu
2025-08-16,SKU-011,2,326,eBay
2025-08-01,SKU-025,4,674,Amazon
2026-01-05,SKU-031,3,97,eBay
2025-12-08,SKU-059,5,125,Shopify
2025-08-18,SKU-046,4,601,Shopify
2025-06-14,SKU-006,4,308,Amazon
2025-12-18,SKU-021,4,186,Walmart
2026-04-02,SKU-041,4,71,Temu
2025-09-13,SKU-051,3,80,Shopify
2025-11-29,SKU-044,3,59,Temu
2025-09-26,SKU-011,4,349,Temu
2025-06-09,SKU-023,5,491,Amazon
2025-06-26,SKU-009,4,141,Amazon
2025-09-03,SKU-032,2,115,Shopify
2026-02-26,SKU-007,3,93,Shopify
2025-08-03,SKU-009,4,130,eBay
2025-10-02,SKU-032,1,102,eBay
2025-07-26,SKU-006,5,286,Shopify
2026-02-08,SKU-028,5,110,eBay
2025-10-26,SKU-048,3,299,eBay
2025-11-29,SKU-016,3,1190,eBay
2025-10-14,SKU-006,2,245,Shopify
2026-01-21,SKU-035,2,135,Shopify
2025-10-27,SKU-054,5,1131,Shopify
2026-01-31,SKU-047,5,238,Shopify
2025-11-22,SKU-019,4,156,Temu
2025-08-29,SKU-039,2,126,Walmart
2026-02-26,SKU-056,2,204,Temu
2025-09-21,SKU-008,5,99,Temu
2025-11-04,SKU-027,2,110,eBay
2026-01-01,SKU-037,1,200,Walmart
2025-05-24,SKU-016,4,1184,Amazon
2025-09-19,SKU-035,4,81,Shopify
2026-01-24,SKU-056,4,118,eBay
2025-06-25,SKU-057,2,449,Walmart
2026-01-28,SKU-007,1,89,Amazon
2025-11-21,SKU-045,4,612,eBay
2026-03-14,SKU-028,2,90,Shopify
2025-10-11,SKU-011,1,253,Shopify
2025-10-05,SKU-044,1,52,Shopify
2025-07-28,SKU-023,4,518,eBay
2025-10-15,SKU-027,4,76,Walmart
2025-06-01,SKU-052,4,74,Amazon
2025-09-04,SKU-058,1,451,eBay
2025-08-21,SKU-040,2,142,Amazon
2026-03-29,SKU-009,5,135,eBay
2026-04-07,SKU-060,5,138,Amazon
2025-09-14,SKU-051,5,102,Walmart
2025-06-02,SKU-006,5,306,Amazon
2026-01-05,SKU-035,3,92,Temu
2025-08-17,SKU-046,5,728,Shopify
2026-02-14,SKU-036,3,111,Temu
2025-08-04,SKU-029,2,142,Amazon
2025-06-12,SKU-024,2,509,eBay
2026-02-01,SKU-026,2,565,Amazon
2025-11-09,SKU-060,4,170,eBay
2025-06-29,SKU-031,4,111,eBay
2025-07-03,SKU-040,1,180,Amazon
2025-10-02,SKU-052,3,92,Shopify
2025-10-07,SKU-038,3,246,eBay
2025-08-05,SKU-029,2,168,Walmart
2025-07-05,SKU-023,3,858,Shopify
2026-01-24,SKU-046,3,738,eBay
2026-03-07,SKU-017,3,195,Walmart
2025-08-12,SKU-056,1,176,eBay
2025-12-06,SKU-016,1,1033,Temu
2026-05-03,SKU-006,4,407,Temu
2025-11-21,SKU-019,1,257,eBay
2025-12-19,SKU-051,5,93,Amazon
2025-06-28,SKU-033,5,214,Temu
2025-08-27,SKU-014,3,470,Temu
2025-09-02,SKU-007,5,108,Temu
2025-12-05,SKU-050,5,62,Walmart
2025-09-22,SKU-043,5,38,Shopify
2026-03-19,SKU-016,1,803,Temu
2026-04-29,SKU-046,2,747,eBay
2026-05-13,SKU-017,1,263,Temu
2025-07-20,SKU-041,4,46,eBay
2025-09-03,SKU-016,5,990,Temu
2026-05-06,SKU-056,2,204,eBay
2026-03-27,SKU-017,1,193,Amazon
2026-01-30,SKU-009,4,113,Shopify
2025-07-06,SKU-052,4,95,Shopify
2025-08-22,SKU-011,2,258,Walmart
2026-04-01,SKU-056,5,162,eBay
2025-12-15,SKU-030,4,182,eBay
2025-07-27,SKU-018,1,270,Amazon
2025-12-13,SKU-025,3,696,Temu
2025-10-26,SKU-006,2,271,Walmart
2026-03-06,SKU-056,1,132,eBay
2025-08-11,SKU-001,4,255,Amazon
2026-05-08,SKU-049,3,49,Shopify
2025-08-27,SKU-052,3,75,Shopify
2025-11-21,SKU-001,2,181,Temu
2025-09-14,SKU-051,4,82,Shopify
2026-04-24,SKU-003,5,364,Shopify
2025-09-03,SKU-015,1,840,Temu
2025-12-30,SKU-049,5,84,Shopify
2026-04-10,SKU-013,2,420,eBay
2026-05-07,SKU-020,5,254,Walmart
2026-04-24,SKU-019,5,188,Amazon
2026-01-23,SKU-003,2,237,Amazon
2025-08-07,SKU-014,5,355,eBay
2025-12-18,SKU-049,1,86,eBay
2025-12-21,SKU-004,5,257,Walmart
2025-12-28,SKU-058,4,497,Walmart
2026-04-24,SKU-008,1,99,Walmart
2025-09-06,SKU-055,1,146,Shopify
2025-09-30,SKU-026,3,488,Walmart
2025-12-18,SKU-039,1,134,Shopify
2026-02-12,SKU-051,2,103,eBay
2026-03-19,SKU-056,2,118,Amazon
2025-07-26,SKU-045,5,639,Temu
2025-10-23,SKU-059,4,124,Amazon
2025-12-07,SKU-027,2,112,eBay
2025-06-24,SKU-042,5,64,Shopify
2026-03-15,SKU-008,1,104,Shopify
2026-05-12,SKU-010,1,140,Amazon
2026-04-23,SKU-011,2,276,Amazon
2025-08-02,SKU-059,1,144,Amazon
2026-05-07,SKU-017,3,196,Amazon
2025-10-01,SKU-036,1,122,Shopify
2025-07-31,SKU-054,2,1097,Walmart
2025-07-16,SKU-040,4,114,Walmart
2026-01-05,SKU-027,1,66,eBay
2025-06-18,SKU-034,1,276,Amazon
2026-01-08,SKU-051,2,86,Walmart
2025-12-17,SKU-036,2,119,Amazon
2025-10-12,SKU-048,3,196,eBay
2025-07-01,SKU-031,2,79,Temu
2025-10-06,SKU-011,2,344,Walmart
2025-12-01,SKU-023,1,703,Walmart
2025-06-07,SKU-007,1,124,Amazon
2025-08-09,SKU-013,3,406,Shopify
2025-10-03,SKU-050,3,74,Walmart
2025-05-31,SKU-037,4,227,eBay
2025-10-05,SKU-040,4,111,Temu
2026-05-11,SKU-015,1,811,Temu
2026-05-01,SKU-018,4,218,Shopify
2025-06-23,SKU-012,1,349,Walmart
2025-08-01,SKU-004,1,292,Temu
2025-06-13,SKU-019,5,191,eBay
2026-01-14,SKU-034,2,230,Walmart
2026-02-24,SKU-006,3,430,Walmart
2025-09-17,SKU-054,1,1159,Amazon
2025-09-04,SKU-002,2,147,Temu
2025-09-29,SKU-038,2,245,Amazon
2025-08-23,SKU-051,3,113,Shopify
2025-10-26,SKU-024,3,743,Walmart
2025-05-20,SKU-050,4,73,Walmart
2025-10-05,SKU-036,3,130,Walmart
2025-07-25,SKU-030,4,168,Shopify
2025-08-05,SKU-009,5,107,Walmart
2026-01-29,SKU-028,2,80,Temu
2025-06-23,SKU-032,4,82,Shopify
2025-09-12,SKU-051,4,94,Walmart
2025-09-14,SKU-044,4,51,eBay
2025-09-06,SKU-038,2,187,Shopify
2025-05-17,SKU-016,5,761,eBay
2026-04-06,SKU-006,1,344,Shopify
2026-03-18,SKU-045,1,718,Walmart
2025-09-18,SKU-059,3,111,Shopify
2025-08-15,SKU-034,5,311,Temu
2025-08-30,SKU-055,3,143,eBay
2025-11-04,SKU-019,4,157,Shopify
2025-08-03,SKU-018,1,172,Shopify
2025-10-04,SKU-031,1,65,Shopify
2026-05-02,SKU-024,3,770,Amazon
2025-08-21,SKU-031,4,67,Shopify
2025-09-08,SKU-025,5,727,Amazon
2025-07-05,SKU-030,1,130,Temu
2025-06-19,SKU-058,5,583,Shopify
2025-08-05,SKU-022,2,118,Temu
2025-08-17,SKU-015,4,966,Walmart
2025-08-31,SKU-017,5,293,Amazon
2026-02-01,SKU-012,4,230,Shopify
2025-11-29,SKU-018,3,285,Walmart
2026-03-13,SKU-013,4,475,Amazon
2026-01-18,SKU-030,5,218,Temu
2025-06-13,SKU-030,5,129,eBay
2025-11-23,SKU-037,5,173,Walmart
2025-08-01,SKU-004,5,273,Temu
2025-07-14,SKU-027,5,111,Shopify
2025-08-17,SKU-031,5,99,Temu
2025-12-01,SKU-052,4,111,Walmart
2025-09-02,SKU-002,1,258,Shopify
2025-11-24,SKU-046,4,612,eBay
2025-06-21,SKU-055,4,147,eBay
2025-07-19,SKU-039,4,167,Walmart
2025-07-06,SKU-050,4,67,Temu
2025-08-05,SKU-003,1,210,Shopify
2026-01-26,SKU-003,5,335,Amazon
2026-02-08,SKU-034,5,310,Temu
2026-02-04,SKU-041,3,50,Shopify
2025-11-22,SKU-002,3,215,Temu
2026-01-07,SKU-024,2,566,eBay
2025-09-08,SKU-048,4,300,Shopify
2026-02-18,SKU-045,3,751,Temu
2025-06-14,SKU-032,5,97,Walmart
2025-08-31,SKU-016,1,737,Shopify
2025-10-24,SKU-025,2,542,eBay
2025-09-25,SKU-030,5,220,Temu
2025-08-14,SKU-056,1,138,Shopify
2025-12-13,SKU-034,1,234,eBay
2026-03-03,SKU-007,5,88,eBay
2026-03-06,SKU-037,4,192,Walmart
2025-12-11,SKU-055,1,176,Walmart
2025-09-06,SKU-022,1,149,Shopify
2025-09-18,SKU-060,2,157,Temu
2026-03-19,SKU-037,3,155,Amazon
2026-04-19,SKU-024,4,548,eBay